PLAYER_ID,PLAYER_NAME,NICKNAME,TEAM_ID,TEAM_ABBREVIATION,AGE,GP,W,L,W_PCT,MIN,FGM,FGA,FG_PCT,FG3M,FG3A,FG3_PCT,FTM,FTA,FT_PCT,OREB,DREB,REB,AST,TOV,STL,BLK,BLKA,PF,PFD,PTS,PLUS_MINUS,NBA_FANTASY_PTS,DD2,TD3,WNBA_FANTASY_PTS,GP_RANK,W_RANK,L_RANK,W_PCT_RANK,MIN_RANK,FGM_RANK,FGA_RANK,FG_PCT_RANK,FG3M_RANK,FG3A_RANK,FG3_PCT_RANK,FTM_RANK,FTA_RANK,FT_PCT_RANK,OREB_RANK,DREB_RANK,REB_RANK,AST_RANK,TOV_RANK,STL_RANK,BLK_RANK,BLKA_RANK,PF_RANK,PFD_RANK,PTS_RANK,PLUS_MINUS_RANK,NBA_FANTASY_PTS_RANK,DD2_RANK,TD3_RANK,WNBA_FANTASY_PTS_RANK,TEAM_COUNT
1630639,A.J. Lawson,A.J.,1610612761,TOR,25.0,7,3,4,0.429,7.2,0.6,2.3,0.25,0.3,1.1,0.25,0.3,0.3,1.0,0.0,0.4,0.4,0.6,0.3,0.0,0.3,0.3,1.1,0.6,1.7,1.0,3.7,0,0,3.6,89,88,62,95,163,183,158,198,149,143,136,162,175,1,191,191,200,144,168,182,96,105,144,147,181,62,189,49,5,189,1
203932,Aaron Gordon,Aaron,1610612743,DEN,30.0,3,1,2,0.333,29.8,4.0,10.0,0.4,1.0,4.7,0.214,2.3,3.3,0.7,1.3,4.0,5.3,2.3,0.3,0.0,0.3,0.3,3.0,3.3,11.3,0.0,21.9,0,0,20.7,196,163,183,138,68,65,57,143,82,51,152,51,43,120,46,46,51,63,161,182,88,94,32,43,67,89,80,49,5,86,1
1628988,Aaron Holiday,Aaron,1610612745,HOU,29.0,6,2,4,0.333,11.1,1.0,3.7,0.273,0.7,2.5,0.267,0.0,0.0,0.0,0.0,0.3,0.3,0.5,0.5,0.3,0.2,0.2,1.0,0.3,2.7,0.2,4.8,0,0,5.2,120,128,62,138,138,150,126,197,111,99,129,184,187,184,191,195,205,151,138,133,127,127,148,173,160,86,173,49,5,163,1
1630598,Aaron Wiggins,Aaron,1610612760,OKC,27.0,13,10,3,0.769,5.8,0.7,1.9,0.36,0.1,0.7,0.111,0.0,0.0,0.0,0.1,0.3,0.4,0.4,0.3,0.1,0.1,0.2,0.3,0.1,1.5,0.0,2.7,0,0,2.6,44,29,155,22,173,170,172,167,167,169,165,184,187,184,190,201,203,170,167,180,148,116,194,199,191,89,200,49,5,199,1
1641737,Adem Bona,Adem,1610612755,PHI,23.0,10,3,7,0.3,9.6,0.8,1.6,0.5,0.0,0.0,0.0,1.0,1.6,0.625,1.1,1.0,2.1,0.1,1.1,0.1,0.7,0.3,2.3,1.3,2.6,0.3,6.6,0,0,6.4,63,88,21,173,147,163,179,50,170,198,170,91,85,136,67,145,126,199,72,177,47,104,78,100,162,82,151,49,5,153,1
1642876,Adou Thiero,Adou,1610612747,LAL,22.0,6,1,5,0.167,5.6,0.5,1.0,0.5,0.0,0.3,0.0,0.5,1.0,0.5,0.8,1.2,2.0,0.2,0.7,0.0,0.0,0.0,0.8,0.7,1.5,-0.7,3.5,0,0,3.7,120,163,51,193,178,188,194,50,170,182,170,130,114,152,94,143,127,192,111,182,154,158,161,136,187,119,190,49,5,188,1
1642349,Ajay Mitchell,Ajay,1610612760,OKC,23.0,11,10,1,0.909,28.8,5.7,12.5,0.46,1.2,3.6,0.325,2.5,2.7,0.9,1.2,2.5,3.7,4.3,1.4,1.5,0.1,0.5,1.8,3.2,15.1,13.7,29.5,1,0,27.5,54,29,206,6,74,40,40,92,73,73,101,47,57,34,60,87,81,29,62,19,145,68,110,45,43,2,44,32,5,49,1
1627936,Alex Caruso,Alex,1610612760,OKC,32.0,15,11,4,0.733,23.5,3.7,7.7,0.478,2.2,4.9,0.446,1.5,1.8,0.815,0.4,2.6,3.0,2.1,0.9,1.4,0.5,0.1,2.1,1.5,11.0,8.1,22.4,0,0,22.0,30,21,62,26,88,79,82,74,26,49,32,74,78,72,143,85,102,77,91,24,68,142,89,94,72,9,77,49,5,77,1
1630578,Alperen Sengun,Alperen,1610612745,HOU,23.0,6,2,4,0.333,38.7,7.7,16.5,0.465,0.2,1.3,0.125,4.8,7.0,0.69,3.5,6.7,10.2,4.7,3.0,1.8,1.3,1.5,3.5,7.2,20.3,-0.5,46.0,3,0,41.7,120,128,62,138,11,18,18,84,162,133,164,16,11,122,2,8,5,26,19,13,10,7,14,4,23,111,7,9,5,9,1
1642873,Amari Williams,Amari,1610612738,BOS,24.0,1,0,1,0.0,1.6,0.0,1.0,0.0,0.0,0.0,0.0,1.0,2.0,0.5,1.0,0.0,1.0,0.0,0.0,0.0,0.0,0.0,0.0,1.0,1.0,-1.0,2.2,0,0,2.0,225,196,206,196,223,211,194,211,170,198,170,91,69,152,71,210,169,200,200,182,154,158,206,114,200,129,202,49,5,201,1
1641708,Amen Thompson,Amen,1610612745,HOU,23.0,6,2,4,0.333,44.1,7.0,14.3,0.488,0.3,1.3,0.25,4.8,6.8,0.707,2.5,4.5,7.0,5.7,2.5,2.0,1.2,2.5,3.2,5.3,19.2,1.2,43.1,1,0,38.5,120,128,62,138,1,22,31,69,143,133,136,16,14,116,14,36,25,14,27,7,14,2,26,16,26,58,10,32,5,16,1
1629599,Amir Coffey,Amir,1610612756,PHX,28.0,4,0,4,0.0,1.6,0.0,0.0,0.0,0.0,0.0,0.0,0.0,0.0,0.0,0.0,0.0,0.0,0.0,0.5,0.0,0.0,0.0,0.0,0.0,0.0,1.3,-0.5,0,0,0.0,172,196,62,196,222,211,222,211,170,198,170,184,187,184,191,210,216,200,138,182,154,158,206,200,218,57,228,49,5,227,1
203083,Andre Drummond,Andre,1610612755,PHI,32.0,11,4,7,0.364,12.9,1.5,2.1,0.696,0.4,0.7,0.5,0.6,0.9,0.7,1.1,3.2,4.3,0.6,0.8,0.4,0.2,0.2,2.5,1.1,3.9,-3.4,10.8,0,0,10.3,54,69,21,132,128,136,163,11,142,167,16,128,125,120,68,73,66,141,97,131,124,125,69,112,137,176,123,49,5,124,1
1641710,Anthony Black,Anthony,1610612753,ORL,22.0,7,3,4,0.429,27.9,2.9,7.7,0.37,1.0,3.1,0.318,1.9,3.0,0.619,0.3,2.9,3.1,1.4,0.7,2.1,0.7,1.0,2.7,1.9,8.6,-8.7,22.3,0,0,19.9,89,88,62,95,77,95,81,162,82,84,103,61,51,140,164,78,100,95,106,5,45,21,50,77,90,211,78,49,5,88,1
1630162,Anthony Edwards,Anthony,1610612750,MIN,24.0,10,5,5,0.5,32.4,7.7,18.0,0.428,2.0,6.3,0.317,4.2,5.1,0.824,0.5,5.2,5.7,2.7,2.5,0.5,0.7,1.0,2.9,3.6,21.6,-8.0,33.6,2,0,34.4,63,66,51,53,51,17,14,120,30,24,104,22,27,67,120,24,45,52,27,98,47,21,41,35,20,210,31,20,5,28,1
1630574,Ariel Hukporti,Ariel,1610612752,NYK,24.0,9,9,0,1.0,8.2,0.6,1.2,0.455,0.0,0.1,0.0,0.8,1.7,0.467,1.4,2.0,3.4,0.2,0.6,0.2,0.7,0.1,2.0,1.1,1.9,1.1,8.5,0,0,7.3,74,32,226,1,159,187,191,98,170,193,170,114,82,173,43,101,87,189,132,153,49,146,91,110,175,60,136,49,5,143,1
1642854,Asa Newell,Asa,1610612737,ATL,20.0,2,0,2,0.0,5.4,0.5,1.0,0.5,0.0,0.0,0.0,0.0,0.0,0.0,0.0,0.0,0.0,0.5,0.0,0.5,0.5,0.5,0.5,0.0,1.0,4.5,4.8,0,0,3.5,208,196,183,196,181,188,194,50,170,198,170,184,187,184,191,210,216,151,200,98,64,71,176,200,200,24,177,49,5,190,1
1641709,Ausar Thompson,Ausar,1610612765,DET,23.0,14,7,7,0.5,30.5,3.5,6.9,0.505,0.1,0.5,0.143,1.1,2.2,0.516,3.2,4.6,7.9,3.1,1.6,2.0,1.8,0.6,2.9,1.9,8.2,0.3,32.1,0,0,26.9,38,45,21,53,65,83,89,49,168,173,163,87,66,151,6,34,16,42,47,7,2,66,39,75,92,84,37,49,5,52,1
1630559,Austin Reaves,Austin,1610612747,LAL,28.0,6,1,5,0.167,36.8,6.2,15.2,0.407,1.5,5.8,0.257,6.2,7.2,0.86,0.5,3.5,4.0,5.8,4.5,0.0,1.2,1.3,3.5,5.8,20.0,-10.2,32.6,0,0,33.7,120,163,51,193,20,33,27,139,56,32,134,9,9,49,120,60,69,13,4,182,14,14,14,12,24,218,36,49,5,31,1
1630245,Ayo Dosunmu,Ayo,1610612750,MIN,26.0,10,4,6,0.4,29.2,5.7,11.4,0.5,1.7,4.0,0.425,2.5,2.7,0.926,0.7,2.9,3.6,4.1,1.5,0.9,0.4,0.7,2.8,1.6,15.6,-7.0,28.5,0,0,27.6,63,69,35,122,72,41,50,50,47,62,38,44,59,29,104,76,83,31,52,63,79,50,44,89,42,202,51,49,5,48,1
1631248,Baylor Scheierman,Baylor,1610612738,BOS,25.0,7,3,4,0.429,14.2,1.6,3.7,0.423,1.1,3.0,0.381,0.0,0.0,0.0,1.0,1.9,2.9,0.6,0.3,0.9,0.1,0.0,1.1,0.4,4.3,-0.4,11.3,0,0,10.9,89,88,62,95,121,130,125,126,77,87,58,184,187,184,71,107,106,144,168,66,131,158,144,167,133,107,120,49,5,121,1
202687,Bismack Biyombo,Bismack,1610612759,SAS,33.0,9,7,2,0.778,2.7,0.3,0.8,0.429,0.0,0.0,0.0,0.0,0.0,0.0,0.1,0.2,0.3,0.0,0.2,0.0,0.2,0.1,0.4,0.0,0.7,-0.1,1.5,0,0,1.4,74,45,183,19,211,203,209,118,170,198,170,184,187,184,187,205,205,200,182,182,116,146,184,200,205,96,209,49,5,210,1
1631104,Blake Wesley,Blake,1610612757,POR,23.0,4,0,4,0.0,1.1,0.0,0.0,0.0,0.0,0.0,0.0,0.3,0.5,0.5,0.0,0.0,0.0,0.0,0.3,0.0,0.0,0.0,0.0,0.3,0.3,-0.5,0.0,0,0,0.3,172,196,62,196,228,211,222,211,170,198,170,166,152,152,191,210,216,200,175,182,154,158,206,181,217,111,226,49,5,225,1
1630538,Bones Hyland,Bones,1610612750,MIN,25.0,10,5,5,0.5,11.6,1.5,5.0,0.3,0.9,3.4,0.265,0.7,0.8,0.875,0.3,1.0,1.3,1.5,0.8,0.4,0.1,0.5,1.1,1.3,4.6,-1.7,9.1,0,0,9.3,63,66,51,53,136,132,106,188,96,79,130,119,132,40,162,145,158,92,98,124,143,71,147,100,125,151,133,49,5,127,1
1627742,Brandon Ingram,Brandon,1610612761,TOR,28.0,5,2,3,0.4,29.6,3.8,11.6,0.328,1.0,2.6,0.385,3.4,4.6,0.739,0.4,2.8,3.2,2.2,2.0,0.6,0.8,0.6,2.0,4.2,12.0,-4.0,21.3,0,0,21.2,155,128,155,122,69,73,48,182,82,97,55,32,30,106,143,81,95,72,37,89,35,60,91,25,62,182,85,49,5,80,1
1642355,Bronny James,Bronny,1610612747,LAL,21.0,8,4,4,0.5,5.3,0.6,1.3,0.5,0.3,0.8,0.333,0.0,0.0,0.0,0.4,0.0,0.4,0.9,0.5,0.1,0.0,0.0,0.6,0.0,1.5,0.0,3.1,0,0,3.3,85,69,62,53,182,180,188,50,153,164,88,184,187,184,151,210,204,126,138,174,154,158,174,200,187,89,195,49,5,192,1
1628971,Bruce Brown,Bruce,1610612743,DEN,29.0,6,2,4,0.333,19.4,2.5,5.7,0.441,0.5,1.8,0.273,0.8,1.5,0.556,0.5,2.2,2.7,1.7,1.5,1.7,0.0,0.2,2.7,1.0,6.3,-4.3,15.5,0,0,14.5,120,128,62,138,103,101,102,109,124,123,125,108,90,149,120,99,111,86,52,18,154,127,53,114,107,186,99,49,5,102,1
1627741,Buddy Hield,Buddy,1610612737,ATL,33.0,2,0,2,0.0,6.5,2.0,2.5,0.8,1.0,1.0,1.0,0.0,0.0,0.0,0.0,1.0,1.0,0.0,1.0,0.0,0.0,0.0,0.0,0.0,5.0,-7.5,5.2,0,0,7.0,208,196,183,196,168,111,151,6,82,146,1,184,187,184,191,145,169,200,75,182,154,158,206,200,117,207,165,49,5,146,1
203468,CJ McCollum,CJ,1610612737,ATL,34.0,6,2,4,0.333,32.1,7.7,16.5,0.465,1.7,5.5,0.303,2.2,4.0,0.542,1.2,1.8,3.0,2.0,3.5,1.0,1.2,0.8,2.3,3.7,19.2,-10.2,28.8,0,0,30.2,120,128,62,138,54,18,18,84,50,37,114,55,38,150,61,110,102,78,10,48,14,39,75,31,26,218,49,49,5,38,1
1630595,Cade Cunningham,Cade,1610612765,DET,24.0,14,7,7,0.5,40.8,9.1,21.0,0.432,2.9,7.3,0.402,7.1,8.2,0.861,0.9,4.2,5.1,7.5,5.6,1.1,0.6,1.2,3.1,5.6,28.1,2.4,44.9,5,1,47.0,38,45,21,53,4,5,5,117,9,12,44,4,6,48,88,42,55,4,2,45,61,17,30,13,1,40,8,4,3,4,1
1629661,Cameron Johnson,Cameron,1610612743,DEN,30.0,6,2,4,0.333,31.1,5.2,10.3,0.5,1.8,5.8,0.314,2.0,2.8,0.706,0.5,2.7,3.2,2.3,1.0,1.0,0.3,0.0,3.0,2.2,14.2,-1.7,24.5,0,0,24.2,120,128,62,138,60,51,55,50,39,32,106,57,56,117,120,83,98,63,75,48,88,158,32,62,49,150,71,49,5,67,1
1627747,Caris LeVert,Caris,1610612765,DET,31.0,13,6,7,0.462,16.6,2.2,5.0,0.446,0.8,2.1,0.37,0.7,0.8,0.9,0.5,1.8,2.2,1.2,0.6,0.6,0.5,0.2,1.5,0.8,5.9,1.2,13.1,0,0,12.3,44,57,21,86,112,106,106,105,104,114,68,121,137,34,140,113,122,103,121,88,70,135,127,130,112,59,112,49,5,111,1
1642868,Carter Bryant,Carter,1610612759,SAS,20.0,21,13,8,0.619,8.6,1.0,2.1,0.5,0.6,1.4,0.414,0.1,0.3,0.333,0.4,1.3,1.7,0.7,0.6,0.1,0.3,0.0,1.9,0.2,2.8,1.1,6.6,0,0,6.6,7,10,17,39,155,149,162,50,118,132,42,181,175,178,141,136,141,136,120,168,96,157,107,191,155,61,152,49,5,151,1
1641717,Cason Wallace,Cason,1610612760,OKC,22.0,15,11,4,0.733,25.0,3.1,6.4,0.479,2.0,4.1,0.484,0.5,0.5,0.875,1.3,2.5,3.8,2.4,0.7,2.1,0.5,0.3,2.0,0.5,8.6,3.4,23.8,0,0,22.0,30,21,62,26,84,90,95,73,30,61,25,137,151,40,46,92,79,62,103,6,68,94,91,152,89,29,74,49,5,77,1
1642404,Chaz Lanier,Chaz,1610612765,DET,24.0,3,2,1,0.667,2.5,0.3,1.0,0.333,0.0,0.3,0.0,0.0,0.0,0.0,0.0,0.0,0.0,0.3,0.0,0.0,0.0,0.0,0.0,0.0,0.7,1.7,1.2,0,0,1.0,196,128,206,36,213,203,194,175,170,182,170,184,187,184,191,210,216,171,200,182,154,158,206,200,205,46,216,49,5,216,1
1631096,Chet Holmgren,Chet,1610612760,OKC,24.0,15,11,4,0.733,30.6,5.5,9.7,0.568,1.0,2.8,0.357,2.9,3.5,0.827,2.0,6.2,8.2,1.1,1.3,1.1,1.5,0.7,2.3,3.7,14.9,4.5,32.7,4,0,30.3,30,21,62,26,64,48,62,35,82,93,74,42,42,64,23,12,14,109,63,46,8,46,81,30,45,23,34,6,5,37,1
1631128,Christian Braun,Christian,1610612743,DEN,25.0,6,2,4,0.333,31.1,2.5,6.0,0.417,1.0,2.3,0.429,2.3,3.2,0.737,0.3,3.2,3.5,1.7,0.7,1.0,0.8,0.7,2.2,2.0,8.3,-2.5,19.9,0,0,18.2,120,128,62,138,59,101,97,130,82,104,36,51,46,108,153,74,84,86,111,48,30,51,86,66,91,164,93,49,5,93,1
203991,Clint Capela,Clint,1610612745,HOU,32.0,4,0,4,0.0,5.4,0.8,2.0,0.375,0.0,0.0,0.0,0.0,0.0,0.0,1.3,0.5,1.8,0.3,0.3,0.0,0.3,0.3,0.3,0.0,1.5,-5.0,4.5,0,0,4.0,172,196,62,196,180,165,164,159,170,198,170,184,187,184,54,185,140,182,175,182,104,112,198,200,187,191,179,49,5,187,1
1631221,Collin Gillespie,Collin,1610612756,PHX,26.0,4,0,4,0.0,28.4,4.0,9.0,0.444,2.5,6.3,0.4,0.0,0.3,0.0,1.5,3.5,5.0,3.8,1.0,1.3,0.3,0.0,3.0,2.0,10.5,-20.5,25.6,0,0,24.8,172,196,62,196,76,65,71,106,16,26,45,184,180,184,38,60,58,37,75,34,104,158,32,66,76,230,64,49,5,60,1
1642867,Collin Murray-Boyles,Collin,1610612761,TOR,21.0,7,3,4,0.429,27.3,6.0,9.1,0.656,0.0,0.4,0.0,2.4,3.1,0.773,3.0,3.4,6.4,2.4,1.9,1.3,1.1,0.9,2.3,2.0,14.4,-1.9,31.2,1,0,28.1,89,88,62,95,79,37,68,19,170,180,170,49,48,90,9,63,32,59,42,30,18,36,79,66,47,154,41,32,5,45,1
1630557,Corey Kispert,Corey,1610612737,ATL,27.0,5,2,3,0.4,10.8,0.8,4.4,0.182,0.2,2.4,0.083,0.4,0.6,0.667,0.6,1.0,1.6,1.2,0.6,0.4,0.0,0.4,1.6,0.2,2.2,2.6,6.5,0,0,6.0,155,128,155,122,141,163,114,207,161,102,169,144,146,125,109,145,145,105,122,124,154,88,122,186,167,36,153,49,5,155,1
1641854,Craig Porter Jr.,Craig,1610612739,CLE,26.0,7,3,4,0.429,3.0,0.1,0.4,0.333,0.0,0.1,0.0,0.0,0.0,0.0,0.0,0.4,0.4,0.6,0.6,0.0,0.0,0.0,0.1,0.0,0.3,-1.0,1.1,0,0,1.3,89,88,62,95,205,210,219,175,170,190,170,184,187,184,191,191,200,144,128,182,154,158,203,200,216,129,218,49,5,213,1
1641747,DaRon Holmes II,DaRon,1610612743,DEN,23.0,2,0,2,0.0,2.1,0.0,0.0,0.0,0.0,0.0,0.0,0.0,0.0,0.0,0.0,1.0,1.0,0.0,0.0,0.0,0.0,0.0,0.0,0.0,0.0,0.0,1.2,0,0,1.0,208,196,183,196,219,211,222,211,170,198,170,184,187,184,191,145,169,200,200,182,154,158,206,200,218,89,213,49,5,216,1
1630625,Dalano Banton,Dalano,1610612738,BOS,26.0,2,1,1,0.5,2.0,0.5,0.5,1.0,0.0,0.0,0.0,0.0,0.0,0.0,0.0,0.0,0.0,0.0,0.0,0.0,0.0,0.0,0.0,0.5,1.0,5.0,1.0,0,0,1.0,208,163,206,53,221,188,214,1,170,198,170,184,187,184,191,210,216,200,200,182,154,158,206,154,200,20,220,49,5,216,1
1631207,Dalen Terry,Dalen,1610612755,PHI,23.0,7,2,5,0.286,5.6,0.6,1.9,0.308,0.3,0.7,0.4,0.4,1.0,0.429,0.0,0.6,0.6,1.0,0.3,0.7,0.0,0.0,0.4,0.9,1.9,-1.0,5.9,0,0,5.1,89,128,51,174,176,183,174,184,149,168,45,141,114,175,191,183,197,114,168,78,154,158,186,125,178,129,157,49,5,164,1
1642261,Dalton Knecht,Dalton,1610612747,LAL,25.0,5,1,4,0.2,3.6,0.6,1.6,0.375,0.4,1.0,0.4,0.4,0.4,1.0,0.0,1.2,1.2,0.6,0.2,0.0,0.0,0.0,0.0,0.2,2.0,-0.6,4.1,0,0,4.2,155,163,62,179,202,181,179,159,139,146,45,144,164,1,191,140,165,142,186,182,154,158,206,186,168,117,184,49,5,183,1
1642450,Daniss Jenkins,Daniss,1610612765,DET,24.0,14,7,7,0.5,22.7,3.1,8.7,0.361,1.1,4.2,0.271,1.7,2.2,0.774,0.9,1.7,2.6,3.0,0.7,0.4,0.4,0.9,1.6,1.8,9.1,-1.6,18.5,0,0,17.5,38,45,21,53,92,87,73,166,77,60,128,65,66,89,88,118,113,45,106,119,87,33,121,82,86,149,94,49,5,95,1
1628368,De'Aaron Fox,De'Aaron,1610612759,SAS,28.0,20,12,8,0.6,33.4,6.1,14.4,0.425,1.5,4.7,0.309,2.4,3.1,0.758,0.6,3.4,4.0,6.0,2.1,1.3,0.5,1.1,2.7,2.8,16.0,5.9,32.7,1,0,30.8,9,18,17,40,41,36,30,124,59,50,110,50,50,95,109,68,76,11,35,34,75,20,57,50,40,15,34,32,5,36,1
1629731,Dean Wade,Dean,1610612739,CLE,29.0,18,8,10,0.444,22.6,1.7,3.6,0.462,1.0,2.7,0.375,0.1,0.2,0.333,1.3,2.6,3.9,0.8,0.6,0.7,0.1,0.1,1.2,0.3,4.4,1.6,12.0,0,0,11.6,11,33,1,87,93,127,129,87,82,96,61,183,184,178,46,86,78,131,132,77,152,146,143,180,131,50,115,49,5,114,1
1629028,Deandre Ayton,Deandre,1610612747,LAL,27.0,10,4,6,0.4,28.5,4.6,8.4,0.548,0.0,0.0,0.0,0.8,1.3,0.615,3.7,5.9,9.6,0.9,1.3,0.2,0.8,1.0,2.8,2.1,10.0,-3.4,24.6,4,0,22.5,63,69,35,122,75,58,76,40,170,198,170,110,102,141,1,17,6,125,67,158,35,21,44,63,80,177,70,6,5,75,1
1630166,Deni Avdija,Deni,1610612757,POR,25.0,5,1,4,0.2,34.9,7.0,15.6,0.449,1.4,4.0,0.35,6.8,9.4,0.723,0.6,5.4,6.0,4.6,3.4,0.4,0.6,1.4,3.8,7.0,22.2,-13.0,35.9,1,0,36.2,155,163,62,179,33,22,23,102,61,62,82,6,3,111,109,19,38,28,15,124,57,11,10,6,18,226,25,32,5,24,1
203471,Dennis Schröder,Dennis,1610612739,CLE,32.0,17,8,9,0.471,15.9,1.9,4.9,0.381,0.6,1.9,0.333,1.1,1.4,0.792,0.2,1.2,1.5,2.4,1.4,0.4,0.2,0.4,1.4,1.5,5.5,-1.4,11.1,0,0,11.1,23,33,7,83,116,119,109,155,114,120,88,88,97,81,176,139,155,61,58,132,126,93,137,95,114,141,121,49,5,120,1
1628401,Derrick White,Derrick,1610612738,BOS,31.0,7,3,4,0.429,35.8,3.7,11.6,0.321,2.1,7.9,0.273,1.6,1.9,0.846,1.4,1.9,3.3,3.1,1.6,0.9,1.4,0.0,1.7,2.6,11.1,-3.4,25.1,0,0,24.3,89,88,62,95,26,77,49,183,27,8,125,68,76,54,44,107,92,42,50,66,9,158,114,55,68,178,69,49,5,65,1
1630217,Desmond Bane,Desmond,1610612753,ORL,27.0,7,3,4,0.429,36.2,6.1,15.7,0.391,3.6,8.3,0.431,2.3,2.9,0.8,1.4,3.3,4.7,1.9,1.6,1.9,0.3,2.0,4.0,1.9,18.1,-2.6,31.4,0,0,32.6,89,88,62,95,25,34,22,150,1,6,35,53,55,74,44,69,63,81,50,11,96,4,4,77,30,167,40,49,5,33,1
1626164,Devin Booker,Devin,1610612756,PHX,29.0,4,0,4,0.0,38.3,7.3,15.8,0.46,1.3,5.0,0.25,5.5,7.0,0.786,2.5,1.8,4.3,4.8,4.0,0.3,0.3,2.3,3.8,6.0,21.3,-16.8,31.0,0,0,32.5,172,196,62,196,15,21,21,91,69,45,136,13,11,86,14,114,67,24,5,147,104,3,11,10,21,229,42,49,5,34,1
1630170,Devin Vassell,Devin,1610612759,SAS,25.0,22,13,9,0.591,34.6,4.5,10.7,0.426,2.5,6.5,0.378,1.5,1.8,0.821,0.9,4.4,5.2,2.7,1.0,1.2,0.7,0.1,2.0,1.2,13.0,6.9,28.2,1,0,27.3,1,10,7,43,35,59,53,122,17,21,60,75,80,70,91,39,54,50,75,36,43,151,90,105,56,12,53,32,5,50,1
1628415,Dillon Brooks,Dillon,1610612756,PHX,30.0,4,0,4,0.0,37.3,9.8,21.3,0.459,3.5,8.0,0.438,3.0,3.0,1.0,1.3,4.8,6.0,1.8,1.5,0.3,0.3,0.5,4.5,3.8,26.0,-7.5,35.8,0,0,38.3,172,196,62,196,18,2,3,95,2,7,34,40,51,1,54,30,38,83,52,147,104,71,1,29,5,207,27,49,5,19,1
1631230,Dominick Barlow,Dominick,1610612755,PHI,23.0,9,3,6,0.333,10.6,1.1,1.9,0.588,0.0,0.1,0.0,0.7,0.8,0.857,0.7,1.0,1.7,0.1,0.2,0.2,0.4,0.2,1.0,0.6,2.9,-5.7,6.8,0,0,6.0,74,88,35,138,143,147,173,28,170,193,170,122,134,50,105,145,143,197,182,153,76,118,148,150,148,197,149,49,5,155,1
1642270,Donovan Clingan,Donovan,1610612757,POR,22.0,5,1,4,0.2,21.4,2.8,9.2,0.304,1.0,5.0,0.2,0.4,0.8,0.5,2.8,5.0,7.8,2.2,0.6,0.2,0.6,1.2,2.8,1.2,7.0,-9.4,21.5,0,0,19.6,155,163,62,179,101,98,67,187,82,45,155,144,132,152,12,25,17,72,122,158,57,18,44,104,102,215,84,49,5,90,1
1628378,Donovan Mitchell,Donovan,1610612739,CLE,29.0,18,8,10,0.444,36.2,9.5,21.1,0.451,2.8,8.7,0.327,4.2,5.1,0.815,0.8,4.0,4.8,3.1,2.6,1.2,0.3,1.2,3.1,4.4,26.0,-2.9,38.1,1,0,39.6,11,33,1,87,24,3,4,101,10,2,98,23,26,71,94,46,61,44,26,37,102,16,31,23,5,173,19,32,5,14,1
1628978,Donte DiVincenzo,Donte,1610612750,MIN,29.0,4,3,1,0.75,24.0,4.0,8.0,0.5,2.8,5.8,0.478,0.0,0.5,0.0,0.0,3.8,3.8,4.0,1.0,1.8,0.0,0.3,2.5,1.0,10.8,11.3,25.5,0,0,24.8,172,88,206,24,87,65,77,50,11,35,26,184,152,184,191,56,80,32,75,16,154,112,65,114,75,4,65,49,5,60,1
1627827,Dorian Finney-Smith,Dorian,1610612745,HOU,33.0,4,2,2,0.5,12.3,0.5,3.5,0.143,0.5,2.8,0.182,0.5,0.5,1.0,0.3,1.8,2.0,0.3,0.5,0.3,0.3,0.5,1.5,0.3,2.0,-6.5,5.8,0,0,5.8,172,128,183,53,131,188,131,208,124,94,158,130,152,1,168,114,127,182,138,147,104,71,130,181,168,201,158,49,5,158,1
1629130,Duncan Robinson,Duncan,1610612765,DET,32.0,13,7,6,0.538,29.5,3.9,8.8,0.447,3.2,6.9,0.456,0.8,1.4,0.611,0.3,2.1,2.4,2.3,1.0,1.3,0.2,0.2,2.9,2.5,11.8,0.2,21.8,0,0,22.8,44,45,35,52,70,70,72,103,7,16,30,107,98,142,161,100,117,68,75,28,115,116,40,57,63,87,81,49,5,73,1
1642844,Dylan Harper,Dylan,1610612759,SAS,20.0,22,13,9,0.591,26.6,5.0,9.7,0.514,1.0,3.0,0.323,2.7,3.1,0.855,1.2,4.4,5.6,2.6,1.6,1.0,0.2,0.7,2.2,2.0,13.6,7.0,26.3,3,0,25.2,1,10,7,43,82,53,63,46,94,92,102,43,49,52,57,39,47,56,49,48,124,47,84,65,54,11,62,9,5,59,1
1630700,Dyson Daniels,Dyson,1610612737,ATL,23.0,6,2,4,0.333,27.6,3.0,6.8,0.439,0.7,2.3,0.286,0.7,1.0,0.667,1.5,4.7,6.2,5.0,1.8,1.8,0.3,0.3,2.0,1.7,7.3,-12.7,26.9,0,0,23.5,120,128,62,138,78,91,91,112,111,104,121,122,114,125,38,32,35,22,43,13,88,94,91,86,99,225,60,49,5,69,1
1630596,Evan Mobley,Evan,1610612739,CLE,24.0,18,8,10,0.444,35.5,6.3,11.8,0.535,1.3,3.9,0.338,3.0,4.8,0.621,2.1,6.0,8.1,3.9,2.3,0.9,1.8,0.8,2.4,3.4,17.0,-4.1,38.4,3,0,35.7,11,33,1,87,30,30,44,42,65,68,87,40,29,139,22,16,15,36,32,61,3,45,73,42,34,184,18,9,5,26,1
1630532,Franz Wagner,Franz,1610612753,ORL,24.0,4,3,1,0.75,30.4,6.3,14.3,0.439,0.8,2.3,0.333,3.5,3.8,0.933,1.0,4.5,5.5,3.5,1.5,2.8,0.3,1.5,2.0,3.5,16.8,5.8,36.1,0,0,32.5,172,88,206,24,66,31,33,113,105,108,88,31,40,26,71,36,48,38,52,1,104,7,91,39,35,16,23,49,5,34,1
1629216,Gabe Vincent,Gabe,1610612737,ATL,29.0,6,2,4,0.333,15.5,1.3,3.7,0.364,1.0,3.0,0.333,0.7,0.8,0.8,0.5,0.0,0.5,1.2,0.5,0.3,0.2,0.0,1.7,1.2,4.3,-9.8,7.7,0,0,8.0,120,128,62,138,117,140,126,164,82,87,88,122,130,74,120,210,198,108,138,133,127,158,117,106,132,217,141,49,5,136,1
202066,Garrett Temple,Garrett,1610612761,TOR,40.0,2,1,1,0.5,1.0,0.0,0.5,0.0,0.0,0.0,0.0,0.0,0.0,0.0,0.0,0.0,0.0,0.5,0.0,0.0,0.0,0.0,0.0,0.0,0.0,-1.5,0.8,0,0,0.5,208,163,206,53,230,211,214,211,170,198,170,184,187,184,191,210,216,151,200,182,154,158,206,200,218,144,221,49,5,222,1
1629048,Goga Bitadze,Goga,1610612753,ORL,26.0,6,3,3,0.5,13.9,1.0,2.5,0.4,0.0,0.0,0.0,0.8,1.2,0.714,2.2,1.8,4.0,0.3,0.7,0.3,1.7,0.5,2.3,1.3,2.8,-4.2,13.5,0,0,11.2,120,88,155,53,123,150,151,143,170,198,170,108,107,114,20,110,69,171,111,133,7,71,75,99,153,185,110,49,5,118,1
1641711,Gradey Dick,Gradey,1610612761,TOR,22.0,3,1,2,0.333,1.3,0.0,0.0,0.0,0.0,0.0,0.0,0.0,0.0,0.0,0.0,0.3,0.3,0.0,0.0,0.0,0.0,0.0,0.0,0.3,0.0,-0.3,0.4,0,0,0.3,196,163,183,138,225,211,222,211,170,198,170,184,187,184,191,195,205,200,200,182,154,158,206,173,218,101,224,49,5,224,1
1628960,Grayson Allen,Grayson,1610612756,PHX,30.0,2,0,2,0.0,18.9,3.0,6.5,0.462,2.0,5.5,0.364,1.5,2.0,0.75,0.5,1.5,2.0,2.0,0.0,0.0,1.0,0.0,1.5,2.0,9.5,-0.5,17.9,0,0,17.5,208,196,183,196,106,91,94,87,30,37,70,71,69,96,120,125,127,78,200,182,22,158,130,66,84,111,96,49,5,95,1
203084,Harrison Barnes,Harrison,1610612759,SAS,34.0,20,12,8,0.6,9.1,0.7,2.0,0.333,0.3,1.3,0.231,0.7,0.9,0.824,0.8,0.5,1.3,0.3,0.3,0.1,0.1,0.0,0.4,0.8,2.3,1.9,4.4,0,0,4.5,9,18,17,40,153,179,171,175,147,137,150,119,129,67,98,185,158,182,175,177,153,158,188,131,165,43,182,49,5,177,1
1629312,Haywood Highsmith,Haywood,1610612756,PHX,29.0,2,0,2,0.0,5.6,0.0,1.0,0.0,0.0,1.0,0.0,0.0,0.0,0.0,0.5,1.0,1.5,0.5,1.0,0.0,0.0,0.0,0.0,0.0,0.0,-11.5,1.6,0,0,2.0,208,196,183,196,177,211,194,211,170,146,170,184,187,184,120,145,149,151,75,182,154,158,206,200,218,223,207,49,5,201,1
1642864,Hugo González,Hugo,1610612738,BOS,20.0,4,2,2,0.5,4.7,0.0,0.8,0.0,0.0,0.8,0.0,0.0,0.5,0.0,0.3,0.8,1.0,0.5,0.3,0.0,0.3,0.0,1.0,0.5,0.0,2.3,2.5,0,0,2.0,172,128,183,53,190,211,210,211,170,164,170,184,152,184,168,173,169,151,175,182,104,158,148,154,218,41,201,49,5,201,1
1628392,Isaiah Hartenstein,Isaiah,1610612760,OKC,28.0,15,11,4,0.733,23.4,3.8,6.0,0.633,0.0,0.1,0.0,1.5,2.0,0.767,3.3,5.0,8.3,2.6,1.7,0.8,0.7,0.6,3.2,2.1,9.1,3.5,25.7,3,0,23.0,30,21,62,26,90,73,97,25,170,196,170,70,69,93,4,25,13,57,46,74,49,60,25,64,87,27,63,9,5,72,1
1630198,Isaiah Joe,Isaiah,1610612760,OKC,26.0,13,10,3,0.769,11.0,1.8,4.2,0.418,1.2,3.5,0.348,0.1,0.1,1.0,0.4,1.0,1.4,1.1,0.4,0.5,0.1,0.1,1.3,0.4,4.8,-1.2,9.6,0,0,9.8,44,29,155,22,140,123,118,129,70,76,83,182,186,1,150,145,157,112,159,96,148,154,138,172,122,136,128,49,5,126,1
1630191,Isaiah Stewart,Isaiah,1610612765,DET,25.0,14,7,7,0.5,11.8,1.4,2.4,0.588,0.3,0.6,0.5,0.9,1.2,0.706,0.9,1.5,2.4,0.2,0.6,0.1,1.0,0.3,2.6,1.4,4.0,0.4,9.8,0,0,9.1,38,45,21,53,135,137,154,28,149,171,16,105,104,117,88,125,116,191,119,181,22,105,60,98,136,77,127,49,5,130,1
1631120,JD Davison,JD,1610612745,HOU,23.0,2,1,1,0.5,2.6,0.0,0.0,0.0,0.0,0.0,0.0,1.0,1.0,1.0,0.0,1.0,1.0,0.0,1.0,0.0,0.0,0.0,0.0,0.5,1.0,0.5,1.2,0,0,2.0,208,163,206,53,212,211,222,211,170,198,170,91,114,1,191,145,169,200,75,182,154,158,206,154,200,75,213,49,5,201,1
1642266,Ja'Kobe Walter,Ja'Kobe,1610612761,TOR,21.0,7,3,4,0.429,32.1,3.6,9.6,0.373,2.4,7.4,0.327,1.6,1.7,0.917,0.3,2.9,3.1,1.4,0.6,2.0,0.3,0.3,2.9,1.4,11.1,-7.0,23.3,0,0,22.7,89,88,62,95,55,80,65,161,18,11,98,68,81,30,164,78,100,95,128,7,96,105,42,97,68,202,75,49,5,74,1
1631095,Jabari Smith Jr.,Jabari,1610612745,HOU,23.0,6,2,4,0.333,41.9,5.5,14.2,0.388,3.2,8.5,0.373,3.3,4.3,0.769,2.0,6.5,8.5,1.8,1.0,1.0,0.7,0.7,2.8,2.3,17.5,-1.5,34.5,1,0,34.3,120,128,62,138,2,49,34,152,5,4,65,35,34,92,23,10,11,82,75,48,49,51,43,59,32,144,29,32,5,29,1
1631133,Jabari Walker,Jabari,1610612755,PHI,23.0,6,1,5,0.167,4.9,0.2,1.7,0.1,0.0,0.8,0.0,0.3,0.3,1.0,0.3,0.7,1.0,0.0,0.2,0.0,0.0,0.2,0.5,0.2,0.7,-0.2,1.7,0,0,1.7,120,163,51,193,188,209,177,210,170,161,170,151,169,1,153,177,169,200,190,182,154,127,176,193,205,97,205,49,5,208,1
1630183,Jaden McDaniels,Jaden,1610612750,MIN,25.0,12,6,6,0.5,33.8,6.5,14.7,0.443,0.8,3.5,0.238,2.5,2.9,0.857,2.3,3.4,5.8,2.4,1.4,0.5,0.7,0.7,4.4,3.1,16.3,-4.9,28.9,2,0,27.7,48,57,35,53,39,28,28,108,99,77,147,44,54,50,18,65,43,60,57,98,49,51,2,46,39,190,46,20,5,47,1
1630256,Jae'Sean Tate,Jae'Sean,1610612745,HOU,30.0,5,1,4,0.2,6.1,0.6,2.0,0.3,0.0,0.8,0.0,0.8,1.2,0.667,1.2,0.8,2.0,0.0,0.0,0.2,0.0,0.0,1.6,0.6,2.0,-2.8,5.0,0,0,4.4,155,163,62,179,172,181,164,188,170,162,170,110,105,125,59,168,127,200,200,158,154,158,122,144,168,170,169,49,5,178,1
1631222,Jake LaRavia,Jake,1610612747,LAL,24.0,8,4,4,0.5,14.2,1.1,3.4,0.333,0.3,0.9,0.286,0.8,0.8,1.0,1.1,1.0,2.1,0.8,1.4,0.5,0.8,0.6,2.0,0.5,3.3,-1.3,9.3,0,0,8.9,85,69,62,53,120,146,135,175,153,160,121,116,138,1,66,145,125,133,61,98,39,58,91,154,143,137,131,49,5,132,1
1627751,Jakob Poeltl,Jakob,1610612761,TOR,30.0,7,3,4,0.429,19.2,2.9,4.4,0.645,0.0,0.0,0.0,1.3,2.0,0.643,1.7,4.3,6.0,1.4,0.9,0.9,0.9,0.4,2.7,1.6,7.0,0.7,20.6,0,0,17.9,89,88,62,95,104,95,113,20,170,198,170,77,69,134,30,41,38,95,94,66,27,83,50,92,102,70,88,49,5,94,1
1628973,Jalen Brunson,Jalen,1610612752,NYK,29.0,18,15,3,0.833,36.7,9.9,21.4,0.461,2.3,6.5,0.35,5.4,6.4,0.843,0.6,2.6,3.2,6.2,2.7,1.2,0.0,1.1,2.2,5.6,27.4,12.4,41.4,1,0,41.4,11,1,155,9,21,1,2,90,25,21,81,14,17,56,116,84,98,10,25,37,154,19,86,14,3,3,13,32,5,10,1
1631105,Jalen Duren,Jalen,1610612765,DET,22.0,14,7,7,0.5,30.2,4.0,7.8,0.514,0.0,0.0,0.0,2.2,3.3,0.674,3.3,5.2,8.5,2.1,2.3,0.6,1.2,1.4,3.4,2.6,10.2,-0.4,26.9,3,0,24.6,38,45,21,53,67,65,80,47,170,198,170,54,45,124,5,23,11,74,31,86,12,13,18,53,79,107,59,9,5,63,1
1630224,Jalen Green,Jalen,1610612756,PHX,24.0,4,0,4,0.0,37.7,8.0,20.8,0.386,1.8,8.5,0.206,4.0,5.0,0.8,1.3,4.0,5.3,3.5,3.3,2.0,0.3,1.5,2.0,4.3,21.8,-10.5,36.8,0,0,36.8,172,196,62,196,16,15,6,154,44,4,154,25,28,74,54,46,52,38,16,7,104,7,91,24,19,220,22,49,5,21,1
1630552,Jalen Johnson,Jalen,1610612737,ATL,24.0,6,2,4,0.333,35.7,6.7,15.3,0.435,1.5,5.2,0.29,4.7,5.3,0.875,1.0,6.7,7.7,5.2,2.3,0.8,0.3,0.8,3.3,3.7,19.5,-15.2,37.6,2,0,36.2,120,128,62,138,28,27,25,116,56,43,120,20,22,40,71,8,18,18,30,70,88,39,22,31,25,228,21,20,5,25,1
1629618,Jalen Pickett,Jalen,1610612743,DEN,26.0,2,0,2,0.0,2.1,0.0,0.0,0.0,0.0,0.0,0.0,0.5,1.0,0.5,0.0,0.0,0.0,0.5,0.0,0.0,0.0,0.0,0.0,0.5,0.5,0.0,1.3,0,0,1.0,208,196,183,196,219,211,222,211,170,198,170,130,114,152,191,210,216,151,200,182,154,158,206,154,211,89,212,49,5,216,1
1630591,Jalen Suggs,Jalen,1610612753,ORL,25.0,7,3,4,0.429,35.4,3.7,12.4,0.299,1.9,7.7,0.241,1.9,2.0,0.929,0.7,3.3,4.0,4.1,3.0,1.9,0.6,0.9,3.9,1.6,11.1,-4.9,26.4,0,0,26.0,89,88,62,95,31,77,41,191,38,10,146,61,69,28,102,69,69,30,19,11,61,36,9,92,68,189,61,49,5,57,1
1631114,Jalen Williams,Jalen,1610612760,OKC,25.0,5,3,2,0.6,21.4,5.8,11.2,0.518,1.0,2.4,0.417,1.8,2.4,0.75,1.0,2.2,3.2,2.8,1.2,1.0,0.4,1.0,1.0,1.8,14.4,4.0,25.4,0,0,24.2,155,88,183,40,100,39,51,45,82,102,41,64,64,96,71,98,95,49,70,48,79,21,148,81,48,25,66,49,5,66,1
1631288,Jamal Cain,Jamal,1610612753,ORL,27.0,7,3,4,0.429,17.6,1.7,4.1,0.414,0.4,1.7,0.25,0.7,1.6,0.455,1.0,2.4,3.4,0.6,0.7,0.3,0.4,0.4,2.0,2.7,4.6,-4.6,11.0,0,0,10.4,89,88,62,95,109,125,120,131,136,127,136,117,89,174,71,93,88,144,106,142,77,83,91,52,126,187,122,49,5,123,1
1627750,Jamal Murray,Jamal,1610612743,DEN,29.0,6,2,4,0.333,39.7,7.7,21.5,0.357,1.8,7.0,0.262,6.5,6.7,0.975,1.2,3.8,5.0,5.7,2.2,0.8,0.3,1.0,1.7,6.2,23.7,-4.7,39.5,0,0,38.5,120,128,62,138,6,18,1,169,39,15,131,8,15,23,61,53,58,14,33,70,88,21,117,9,14,188,16,49,5,16,1
1642347,Jamal Shead,Jamal,1610612761,TOR,23.0,7,3,4,0.429,32.0,3.3,9.3,0.354,2.0,6.0,0.333,0.4,0.9,0.5,0.4,1.6,2.0,5.0,2.0,1.4,0.1,0.1,3.1,1.9,9.0,1.9,21.6,0,0,21.1,89,88,62,95,56,84,66,170,30,27,88,141,127,152,141,123,127,22,37,22,131,136,28,77,88,44,83,49,5,81,1
1631123,Jamaree Bouyea,Jamaree,1610612756,PHX,26.0,4,0,4,0.0,2.4,0.5,1.0,0.5,0.0,0.0,0.0,0.3,0.5,0.5,0.3,0.5,0.8,0.3,0.0,0.3,0.0,0.0,0.0,0.5,1.3,0.8,3.3,0,0,2.8,172,196,62,196,215,188,194,50,170,198,170,166,152,152,168,185,185,182,200,147,154,158,206,154,196,67,194,49,5,194,1
201935,James Harden,James,1610612739,CLE,36.0,18,8,10,0.444,37.3,5.7,13.8,0.41,2.1,7.1,0.299,5.7,6.9,0.831,0.7,4.4,5.1,5.5,4.7,1.7,0.7,0.9,2.6,4.7,19.2,0.4,36.1,2,0,36.7,11,33,1,87,17,42,35,136,28,14,115,12,13,62,101,38,56,16,3,17,49,31,63,20,26,81,24,20,5,22,1
1642419,Jamison Battle,Jamison,1610612761,TOR,25.0,6,3,3,0.5,11.9,1.8,3.2,0.579,1.2,1.8,0.636,0.0,0.0,0.0,0.5,1.3,1.8,0.2,0.2,0.0,0.0,0.0,1.0,0.3,4.8,-0.2,7.1,0,0,8.0,120,88,155,53,134,120,136,32,74,123,9,184,187,184,120,132,135,192,190,182,154,158,148,173,123,97,148,49,5,136,1
1642272,Jared McCain,Jared,1610612760,OKC,22.0,15,11,4,0.733,17.2,3.7,9.1,0.412,1.7,4.7,0.371,0.8,1.0,0.8,0.6,1.3,1.9,1.0,0.7,0.3,0.0,0.4,1.3,0.9,10.0,2.6,14.0,0,0,15.3,30,21,62,26,111,75,69,134,45,51,67,110,114,74,109,138,134,114,103,133,154,88,140,124,80,36,108,49,5,101,1
1629020,Jarred Vanderbilt,Jarred,1610612747,LAL,27.0,7,3,4,0.429,10.7,1.3,3.1,0.409,0.1,1.3,0.111,0.1,0.4,0.333,0.7,2.7,3.4,0.3,0.1,0.3,0.0,0.4,1.7,0.3,2.9,-1.0,8.1,0,0,7.3,89,88,62,95,142,142,139,137,165,138,165,177,162,178,102,82,88,178,195,142,154,83,114,179,149,129,138,49,5,144,1
1628386,Jarrett Allen,Jarrett,1610612739,CLE,28.0,18,8,10,0.444,29.4,4.8,7.6,0.635,0.0,0.0,0.0,3.1,5.3,0.579,3.2,4.0,7.2,1.1,0.9,1.0,1.7,0.8,2.0,4.9,12.7,-0.4,30.1,3,0,26.4,11,33,1,87,71,55,84,24,170,198,170,39,24,146,8,46,24,113,88,48,4,39,91,19,58,106,43,9,5,55,1
1642859,Jase Richardson,Jase,1610612753,ORL,20.0,1,0,1,0.0,3.0,2.0,2.0,1.0,2.0,2.0,1.0,0.0,0.0,0.0,0.0,0.0,0.0,0.0,0.0,0.0,0.0,0.0,0.0,0.0,6.0,3.0,6.0,0,0,8.0,225,196,206,196,207,111,164,1,30,115,1,184,187,184,191,210,216,200,200,182,154,158,206,200,110,31,156,49,5,136,1
1629750,Javonte Green,Javonte,1610612765,DET,32.0,11,6,5,0.545,12.0,0.8,2.7,0.3,0.6,2.5,0.259,0.5,0.5,0.833,0.2,1.6,1.8,0.3,0.3,0.5,0.5,0.1,1.3,0.5,2.7,0.5,8.0,0,0,7.5,54,57,51,51,133,162,146,188,115,101,132,138,150,58,179,122,136,181,174,95,71,151,139,163,159,76,140,49,5,142,1
1629637,Jaxson Hayes,Jaxson,1610612747,LAL,26.0,10,4,6,0.4,16.3,1.9,2.8,0.679,0.0,0.1,0.0,1.9,2.7,0.704,1.5,1.7,3.2,0.7,1.0,0.3,0.8,0.2,2.7,2.8,5.7,0.1,12.9,0,0,11.8,63,69,35,122,114,118,145,14,170,195,170,59,59,119,38,120,95,137,75,141,35,122,52,48,113,88,113,49,5,113,1
1627759,Jaylen Brown,Jaylen,1610612738,BOS,29.0,7,3,4,0.429,35.6,9.3,20.4,0.455,2.4,6.0,0.405,4.7,6.6,0.717,1.6,4.1,5.7,3.3,3.6,0.9,1.1,1.6,3.0,5.9,25.7,-3.3,39.9,0,0,41.1,89,88,62,95,29,4,7,98,18,27,43,18,16,113,34,44,44,41,8,66,18,5,32,11,8,175,14,49,5,11,1
1641740,Jaylen Clark,Jaylen,1610612750,MIN,24.0,6,2,4,0.333,9.5,0.5,2.0,0.25,0.3,1.3,0.25,0.3,0.3,1.0,0.3,0.8,1.2,0.5,0.0,0.2,0.2,0.2,1.0,0.3,1.7,-0.5,4.8,0,0,4.3,120,128,62,138,150,188,164,198,143,133,136,151,169,1,153,164,166,151,200,163,127,127,148,173,183,111,173,49,5,180,1
1631119,Jaylin Williams,Jaylin,1610612760,OKC,23.0,15,11,4,0.733,16.0,1.7,4.3,0.4,1.2,3.3,0.36,0.3,0.4,0.667,0.5,3.7,4.1,1.5,0.4,0.5,0.2,0.1,2.1,1.1,4.9,2.9,13.9,1,0,13.2,30,21,62,26,115,124,116,143,71,80,72,165,164,125,139,57,68,94,156,97,121,155,88,109,121,35,109,32,5,108,1
1642281,Jaylon Tyson,Jaylon,1610612739,CLE,23.0,17,8,9,0.471,12.7,1.5,4.1,0.362,0.5,2.2,0.237,0.6,0.9,0.667,0.8,2.0,2.8,1.3,0.6,0.2,0.1,0.2,1.5,0.6,4.1,-1.4,9.4,0,0,9.1,23,33,7,83,129,135,122,165,123,109,148,129,126,125,99,101,108,101,118,162,150,126,128,146,135,142,130,49,5,129,1
1628369,Jayson Tatum,Jayson,1610612738,BOS,28.0,6,3,3,0.5,36.3,8.0,16.8,0.475,3.2,8.7,0.365,4.2,5.3,0.781,1.0,9.7,10.7,6.8,2.8,1.2,0.0,0.8,1.8,3.7,23.3,4.7,47.1,5,0,46.3,120,88,155,53,22,15,16,78,5,2,69,23,22,87,71,2,3,7,21,37,154,39,108,31,15,21,5,4,5,5,1
201145,Jeff Green,Jeff,1610612745,HOU,39.0,2,1,1,0.5,5.3,0.0,1.0,0.0,0.0,0.5,0.0,0.0,0.0,0.0,0.0,0.0,0.0,0.0,0.5,0.0,0.0,0.0,0.5,0.0,0.0,-4.0,-0.5,0,0,0.0,208,163,206,53,183,211,194,211,170,173,170,184,187,184,191,210,216,200,138,182,154,158,176,200,218,182,228,49,5,227,1
203924,Jerami Grant,Jerami,1610612757,POR,32.0,5,1,4,0.2,22.3,3.0,8.6,0.349,1.0,3.0,0.333,3.4,3.6,0.944,0.4,1.4,1.8,0.4,0.6,1.0,0.2,1.0,2.2,2.8,10.4,-9.0,16.2,0,0,16.0,155,163,62,179,95,91,74,172,82,87,88,32,41,25,143,131,138,168,122,48,121,21,83,48,77,213,98,49,5,98,1
1631110,Jeremy Sochan,Jeremy,1610612752,NYK,23.0,7,6,1,0.857,3.7,1.0,1.3,0.778,0.1,0.3,0.5,0.7,1.1,0.625,0.1,0.6,0.7,0.3,0.1,0.1,0.1,0.0,0.3,0.7,2.9,-2.9,4.9,0,0,4.6,89,57,206,8,201,150,187,7,165,185,16,117,108,136,184,183,187,178,195,168,131,158,196,135,149,172,172,49,5,173,1
1641724,Jett Howard,Jett,1610612753,ORL,22.0,1,0,1,0.0,3.0,0.0,2.0,0.0,0.0,2.0,0.0,0.0,0.0,0.0,0.0,0.0,0.0,0.0,0.0,0.0,0.0,0.0,0.0,0.0,0.0,3.0,0.0,0,0,0.0,225,196,206,196,207,211,164,211,170,115,170,184,187,184,191,210,216,200,200,182,154,158,206,200,218,31,226,49,5,227,1
1628975,Jevon Carter,Jevon,1610612753,ORL,30.0,3,0,3,0.0,5.5,0.3,1.3,0.25,0.0,0.7,0.0,0.0,0.0,0.0,0.3,0.3,0.7,0.7,0.0,0.3,0.0,0.0,0.0,0.0,0.7,3.0,3.5,0,0,2.7,196,196,155,196,179,203,186,198,170,170,170,184,187,184,153,195,189,138,200,133,154,158,206,200,205,31,191,49,5,195,1
1642866,Joan Beringer,Joan,1610612750,MIN,19.0,5,1,4,0.2,4.6,1.0,1.8,0.556,0.0,0.0,0.0,1.2,1.6,0.75,1.0,1.2,2.2,0.0,0.6,0.4,0.4,0.2,0.0,0.8,3.2,0.2,7.6,0,0,7.0,155,163,62,179,191,150,175,38,170,198,170,83,85,96,71,140,124,200,122,124,79,122,206,129,144,85,142,49,5,146,1
204060,Joe Ingles,Joe,1610612750,MIN,38.0,3,1,2,0.333,4.5,0.7,1.0,0.667,0.7,1.0,0.667,0.3,0.7,0.5,0.3,0.3,0.7,0.0,0.3,0.7,0.0,0.0,0.0,0.3,2.3,1.7,4.8,0,0,5.0,196,163,183,138,195,171,194,15,111,146,8,151,139,152,153,195,189,200,161,81,154,158,206,173,164,46,175,49,5,166,1
203954,Joel Embiid,Joel,1610612755,PHI,32.0,7,3,4,0.429,33.3,8.1,17.7,0.46,0.7,4.0,0.179,7.0,8.4,0.831,1.1,6.1,7.3,5.4,2.1,0.3,0.9,0.7,2.4,7.1,24.0,-7.3,42.2,3,0,39.7,89,88,62,95,43,13,15,93,107,62,159,5,5,63,64,14,22,17,34,142,27,49,72,5,12,205,11,9,5,13,1
1641780,Johni Broome,Johni,1610612755,PHI,23.0,2,0,2,0.0,3.9,1.5,3.0,0.5,0.5,2.0,0.25,0.0,0.0,0.0,0.5,0.5,1.0,0.5,0.0,0.0,0.0,0.0,0.0,0.0,3.5,2.0,5.5,0,0,5.5,208,196,183,196,199,132,141,50,124,115,136,184,187,184,120,185,169,151,200,182,154,158,206,200,140,42,161,49,5,160,1
202685,Jonas Valančiūnas,Jonas,1610612743,DEN,34.0,4,2,2,0.5,6.3,1.3,1.8,0.714,0.0,0.0,0.0,0.3,0.5,0.5,0.8,1.5,2.3,0.3,1.3,0.0,0.3,0.0,2.8,1.8,2.8,-2.5,5.3,0,0,5.8,172,128,183,53,171,143,176,10,170,198,170,166,152,152,100,125,120,182,68,182,104,158,48,83,156,164,162,49,5,158,1
1630228,Jonathan Kuminga,Jonathan,1610612737,ATL,23.0,6,2,4,0.333,26.0,4.8,10.0,0.483,0.8,4.0,0.208,3.2,4.3,0.731,1.0,2.3,3.3,1.0,1.0,0.5,0.5,0.5,2.7,4.0,13.7,-9.3,21.2,0,0,20.8,120,128,62,138,83,55,57,72,99,62,153,36,34,109,71,95,90,114,75,98,64,71,53,28,52,214,86,49,5,84,1
1642367,Jonathan Mogbo,Jonathan,1610612761,TOR,24.0,3,1,2,0.333,1.3,0.7,0.7,1.0,0.0,0.0,0.0,0.0,0.0,0.0,0.0,0.0,0.0,0.0,0.0,0.0,0.0,0.0,0.3,0.0,1.3,-0.3,1.3,0,0,1.3,196,163,183,138,225,171,211,1,170,198,170,184,187,184,191,210,216,200,200,182,154,158,191,200,193,101,211,49,5,212,1
203903,Jordan Clarkson,Jordan,1610612752,NYK,34.0,17,14,3,0.824,11.1,2.0,4.2,0.472,0.2,1.0,0.235,0.9,1.1,0.789,1.0,0.8,1.8,0.6,0.9,0.2,0.1,0.1,1.5,0.6,5.1,5.2,8.1,0,0,8.4,23,7,155,15,139,111,117,80,157,146,149,104,112,84,71,171,139,140,90,152,150,144,135,142,116,19,137,49,5,134,1
1630692,Jordan Goodwin,Jordan,1610612756,PHX,27.0,1,0,1,0.0,5.0,1.0,4.0,0.25,0.0,3.0,0.0,0.0,0.0,0.0,0.0,0.0,0.0,0.0,0.0,0.0,0.0,0.0,2.0,0.0,2.0,0.0,2.0,0,0,2.0,225,196,206,196,187,150,123,198,170,87,170,184,187,184,191,210,216,200,200,182,154,158,91,200,168,89,203,49,5,201,1
1629162,Jordan McLaughlin,Jordan,1610612759,SAS,30.0,10,7,3,0.7,4.6,0.7,1.1,0.636,0.3,0.5,0.6,0.2,0.2,1.0,0.2,0.6,0.8,1.0,0.2,0.2,0.0,0.0,0.3,0.2,1.9,-0.3,4.8,0,0,4.4,63,45,155,35,192,169,193,22,147,173,12,171,183,1,177,182,183,114,186,158,154,158,195,186,174,100,176,49,5,178,1
1641775,Jordan Walsh,Jordan,1610612738,BOS,22.0,7,3,4,0.429,12.7,0.6,2.7,0.211,0.3,1.7,0.167,0.3,0.9,0.333,0.9,1.7,2.6,1.0,0.0,0.6,0.3,0.1,0.7,0.9,1.7,5.6,8.9,0,0,7.3,89,88,62,95,130,183,147,206,149,127,160,162,127,178,93,118,114,114,200,93,96,136,166,125,181,18,135,49,5,144,1
1630631,Jose Alvarado,Jose,1610612752,NYK,28.0,17,14,3,0.824,9.3,1.7,3.6,0.468,0.7,1.9,0.375,0.3,0.4,0.833,0.1,1.3,1.4,1.2,0.6,0.6,0.1,0.2,1.2,0.5,4.4,5.6,9.5,0,0,9.2,23,7,155,15,151,126,128,83,110,121,61,161,168,58,186,135,156,102,127,91,139,115,142,153,130,17,129,49,5,128,1
1628404,Josh Hart,Josh,1610612752,NYK,31.0,18,15,3,0.833,31.9,3.9,9.1,0.436,1.4,4.4,0.313,1.0,1.7,0.6,1.1,7.8,8.8,4.7,1.9,1.8,0.2,0.6,2.7,1.9,10.3,10.3,32.0,3,0,29.2,11,1,155,9,57,69,70,115,63,56,107,91,82,143,70,5,9,25,41,15,116,59,53,74,78,6,38,9,5,43,1
1629006,Josh Okogie,Josh,1610612745,HOU,27.0,6,2,4,0.333,17.4,1.8,4.2,0.44,0.8,2.2,0.385,0.3,0.3,1.0,1.0,1.3,2.3,0.8,0.5,1.2,0.0,0.2,2.0,1.2,4.8,-0.7,11.9,0,0,11.2,120,128,62,138,110,120,119,110,99,111,55,151,169,1,71,132,118,129,138,37,154,127,91,106,123,119,117,49,5,118,1
201950,Jrue Holiday,Jrue,1610612757,POR,36.0,5,1,4,0.2,38.3,6.2,15.4,0.403,2.4,6.8,0.353,1.6,1.8,0.889,1.6,3.8,5.4,7.2,3.2,1.4,0.4,1.4,3.0,2.4,16.4,-9.8,35.9,0,0,35.0,155,163,62,179,14,32,24,142,22,17,78,67,78,38,32,54,49,6,17,24,79,11,32,58,37,216,26,49,5,27,1
1630577,Julian Champagnie,Julian,1610612759,SAS,24.0,22,13,9,0.591,30.6,3.7,8.5,0.439,2.6,6.6,0.39,1.0,1.4,0.767,0.9,4.8,5.6,1.6,0.4,1.3,0.5,0.3,2.2,0.9,11.1,6.2,25.4,1,0,24.6,1,10,7,43,63,76,75,114,15,19,53,90,99,93,91,29,46,91,155,27,63,103,84,122,71,14,68,32,5,62,1
1641763,Julian Phillips,Julian,1610612750,MIN,22.0,5,1,4,0.2,5.1,0.4,1.2,0.333,0.4,0.8,0.5,0.0,0.0,0.0,0.0,0.2,0.2,0.4,0.2,0.4,0.0,0.2,0.2,0.2,1.2,0.8,3.0,0,0,3.0,155,163,62,179,185,200,192,175,139,162,16,184,187,184,191,207,214,168,186,124,154,122,201,186,197,64,196,49,5,193,1
1631124,Julian Strawther,Julian,1610612743,DEN,24.0,2,1,1,0.5,9.1,1.0,3.5,0.286,0.5,1.5,0.333,0.5,1.0,0.5,0.5,1.0,1.5,0.0,1.0,0.0,0.0,0.0,1.0,1.0,3.0,-2.5,3.8,0,0,5.0,208,163,206,53,154,150,131,193,124,131,88,130,114,152,120,145,149,200,75,182,154,158,148,114,146,164,187,49,5,166,1
203944,Julius Randle,Julius,1610612750,MIN,31.0,12,6,6,0.5,33.3,5.6,14.3,0.39,0.8,3.4,0.244,4.0,5.4,0.738,2.5,5.0,7.5,2.8,2.8,0.5,0.1,0.9,3.4,4.5,16.0,-5.6,28.2,2,0,28.3,48,57,35,53,42,45,31,151,99,78,145,25,21,107,14,25,19,48,21,98,146,34,20,21,40,196,54,20,5,44,1
1642348,Justin Edwards,Justin,1610612755,PHI,22.0,9,3,6,0.333,12.2,1.2,3.6,0.344,0.4,2.0,0.222,0.4,0.8,0.571,0.7,1.6,2.2,0.4,0.7,0.0,0.1,0.2,1.7,0.4,3.3,-6.1,6.3,0,0,6.7,74,88,35,138,132,144,130,173,135,115,151,139,134,147,105,124,123,164,111,182,140,118,117,164,142,199,154,49,5,150,1
1626157,Karl-Anthony Towns,Karl-Anthony,1610612752,NYK,30.0,18,15,3,0.833,30.8,5.7,10.0,0.567,1.4,3.1,0.473,3.9,4.3,0.909,2.6,8.0,10.6,5.2,2.5,1.2,1.3,0.7,3.9,4.1,16.7,14.6,42.0,12,2,38.8,11,1,155,9,62,42,57,36,60,86,28,28,37,33,13,4,4,18,27,37,11,51,7,27,36,1,12,1,1,15,1
1630811,Keaton Wallace,Keaton,1610612737,ATL,27.0,3,0,3,0.0,5.1,0.7,2.7,0.25,0.0,1.0,0.0,0.7,0.7,1.0,0.0,1.0,1.0,1.0,0.0,0.3,0.0,0.3,0.3,0.7,2.0,1.0,5.7,0,0,4.7,196,196,155,196,184,171,148,198,170,146,170,122,139,1,191,145,169,114,200,133,154,94,191,136,168,62,160,49,5,171,1
1629640,Keldon Johnson,Keldon,1610612759,SAS,26.0,22,13,9,0.591,17.9,2.9,7.1,0.408,0.9,2.5,0.345,1.1,1.9,0.585,1.2,2.0,3.2,0.9,1.1,0.7,0.1,0.6,2.3,1.3,7.8,0.7,14.4,0,0,14.4,1,10,7,43,107,94,87,138,98,99,85,89,75,145,57,101,94,124,73,80,136,65,80,102,93,69,106,49,5,104,1
203482,Kelly Olynyk,Kelly,1610612759,SAS,35.0,9,7,2,0.778,3.9,0.9,1.7,0.533,0.6,0.9,0.625,0.4,0.8,0.571,0.0,0.8,0.8,0.3,0.4,0.4,0.0,0.0,0.3,0.7,2.8,0.6,5.1,0,0,5.3,74,45,183,19,198,161,177,43,121,157,10,139,134,147,191,169,184,171,152,115,154,158,191,136,154,74,167,49,5,161,1
1626162,Kelly Oubre Jr.,Kelly,1610612755,PHI,30.0,11,4,7,0.364,33.1,4.4,9.6,0.453,0.9,3.5,0.256,2.0,2.5,0.815,1.1,4.7,5.8,1.1,0.7,0.5,0.5,0.7,2.5,2.7,11.6,-7.4,22.3,0,0,21.3,54,69,21,132,46,63,64,100,95,75,135,57,63,72,68,31,42,111,105,114,71,47,64,51,65,206,79,49,5,79,1
1629026,Kenrich Williams,Kenrich,1610612760,OKC,31.0,11,8,3,0.727,6.5,1.1,2.8,0.387,0.5,1.7,0.316,0.4,0.4,1.0,0.5,1.3,1.8,0.5,0.2,0.1,0.0,0.1,0.6,0.2,3.1,-0.6,6.2,0,0,6.2,54,33,155,34,167,148,144,153,122,126,105,150,167,1,118,137,136,150,189,179,154,151,173,192,145,118,155,49,5,154,1
1631165,Keon Ellis,Keon,1610612739,CLE,26.0,12,4,8,0.333,7.4,0.4,1.3,0.333,0.4,1.2,0.357,0.3,0.4,0.8,0.3,0.9,1.2,0.3,0.5,0.6,0.1,0.2,0.8,0.4,1.6,-2.6,4.9,0,0,4.8,48,69,17,138,162,199,188,175,138,141,74,151,163,74,168,162,166,182,138,92,146,127,162,170,186,168,171,49,5,169,1
201142,Kevin Durant,Kevin,1610612745,HOU,37.0,1,0,1,0.0,41.0,7.0,12.0,0.583,1.0,4.0,0.25,8.0,9.0,0.889,2.0,4.0,6.0,4.0,9.0,1.0,1.0,0.0,4.0,9.0,23.0,-2.0,33.2,0,0,38.0,225,196,206,196,3,22,43,30,82,62,136,2,4,38,23,46,38,32,1,48,22,158,4,1,17,156,32,49,5,20,1
1628989,Kevin Huerter,Kevin,1610612765,DET,27.0,5,1,4,0.2,9.1,0.4,1.4,0.286,0.4,1.0,0.4,0.0,0.0,0.0,0.0,1.0,1.0,1.4,0.4,0.4,0.0,0.0,0.4,0.4,1.2,0.8,5.3,0,0,4.8,155,163,62,179,152,200,185,193,139,146,45,184,187,184,191,145,169,98,156,124,154,158,188,171,197,64,163,49,5,168,1
1642863,Khaman Maluach,Khaman,1610612756,PHX,19.0,4,0,4,0.0,11.3,1.0,2.0,0.5,0.0,0.3,0.0,0.0,0.0,0.0,0.5,1.8,2.3,0.0,0.8,0.0,0.0,0.0,1.0,1.0,2.0,-3.3,4.0,0,0,4.3,172,196,62,196,137,150,164,50,170,186,170,184,187,184,120,114,120,200,100,182,154,158,148,114,168,174,185,49,5,181,1
1631200,Kris Murray,Kris,1610612757,POR,25.0,5,1,4,0.2,5.0,0.4,0.8,0.5,0.0,0.4,0.0,0.2,0.4,0.5,0.2,0.4,0.6,0.0,0.6,0.0,0.0,0.0,0.6,0.2,1.0,-2.4,1.1,0,0,1.6,155,163,62,179,186,200,208,50,170,181,170,171,164,152,177,194,196,200,122,182,154,158,175,186,200,161,217,49,5,209,1
203937,Kyle Anderson,Kyle,1610612750,MIN,32.0,8,3,5,0.375,7.6,0.8,2.1,0.353,0.0,0.1,0.0,0.4,1.0,0.375,0.3,0.6,0.9,1.9,0.8,0.3,0.0,0.0,0.8,0.6,1.9,-0.4,5.7,0,0,5.1,85,88,51,131,160,165,161,171,170,192,170,149,114,177,168,180,181,80,100,147,154,158,162,143,177,105,159,49,5,165,1
200768,Kyle Lowry,Kyle,1610612755,PHI,40.0,2,2,0,1.0,1.4,0.0,0.0,0.0,0.0,0.0,0.0,0.0,0.0,0.0,0.0,0.5,0.5,0.0,0.0,0.0,0.0,0.0,0.5,0.0,0.0,-1.5,0.6,0,0,0.5,208,128,226,1,224,211,222,211,170,198,170,184,187,184,191,185,198,200,200,182,154,158,176,200,218,144,223,49,5,222,1
1629013,Landry Shamet,Landry,1610612752,NYK,29.0,18,15,3,0.833,16.5,2.1,4.4,0.468,1.6,3.2,0.491,0.4,0.5,0.778,0.3,0.8,1.1,0.8,0.4,0.2,0.1,0.1,1.7,0.8,6.1,3.1,9.1,0,0,10.2,11,1,155,9,113,110,115,82,55,83,24,147,152,88,167,164,168,131,152,153,140,146,113,128,109,30,132,49,5,125,1
1626204,Larry Nance Jr.,Larry,1610612739,CLE,33.0,2,1,1,0.5,2.3,0.0,0.0,0.0,0.0,0.0,0.0,0.0,0.0,0.0,0.0,0.0,0.0,0.0,0.5,0.0,0.0,0.0,0.0,0.0,0.0,-1.0,-0.5,0,0,0.0,208,163,206,53,218,211,222,211,170,198,170,184,187,184,191,210,216,200,138,182,154,158,206,200,218,129,228,49,5,227,1
2544,LeBron James,LeBron,1610612747,LAL,41.0,10,4,6,0.4,38.4,8.4,18.3,0.459,1.7,5.2,0.327,4.7,6.3,0.746,0.4,6.3,6.7,7.3,3.8,1.3,0.3,0.4,1.6,4.9,23.2,-3.6,43.2,3,0,42.1,63,69,35,122,13,12,13,94,47,42,98,19,18,105,143,11,29,5,7,29,95,88,122,18,16,180,9,9,5,8,1
1630322,Lindy Waters III,Lindy,1610612759,SAS,28.0,9,8,1,0.889,3.8,0.7,1.4,0.462,0.3,0.9,0.375,0.0,0.0,0.0,0.3,0.3,0.7,0.4,0.1,0.1,0.0,0.0,0.2,0.0,1.7,0.7,3.4,0,0,3.3,74,33,206,7,200,171,183,87,143,157,61,184,187,184,153,195,189,164,199,175,154,158,200,200,183,72,192,49,5,191,1
1629652,Luguentz Dort,Luguentz,1610612760,OKC,27.0,15,11,4,0.733,22.3,2.0,5.5,0.366,1.3,4.3,0.308,0.1,0.3,0.5,0.7,2.0,2.7,1.3,0.5,0.5,0.1,0.0,2.7,0.7,5.5,-1.3,11.9,0,0,12.0,30,21,62,26,96,111,104,163,65,58,111,180,179,152,105,101,111,99,136,113,137,158,53,134,115,139,116,49,5,112,1
1630568,Luka Garza,Luka,1610612738,BOS,27.0,7,3,4,0.429,8.5,1.4,2.9,0.5,0.6,1.9,0.308,1.0,1.1,0.875,1.0,0.7,1.7,0.9,0.1,0.0,0.1,0.1,2.0,0.6,4.4,1.9,8.1,0,0,7.9,89,88,62,95,156,137,143,50,118,122,111,91,108,40,71,175,141,127,195,182,131,136,91,147,128,44,139,49,5,140,1
1628379,Luke Kennard,Luke,1610612747,LAL,29.0,10,4,6,0.4,32.6,3.9,8.0,0.488,1.8,3.8,0.474,1.9,2.3,0.826,0.3,3.2,3.5,2.3,1.4,0.9,0.1,0.5,1.6,0.9,11.5,-1.0,20.8,0,0,21.1,63,69,35,122,49,71,77,70,43,71,27,59,65,65,162,72,84,69,59,63,143,71,122,123,66,129,87,49,5,82,1
1628436,Luke Kornet,Luke,1610612759,SAS,30.0,22,13,9,0.591,13.0,1.5,2.6,0.579,0.0,0.0,1.0,0.8,1.0,0.773,1.8,2.2,4.0,0.7,0.5,0.6,0.7,0.3,1.8,1.1,3.8,-1.5,13.3,1,0,11.3,1,10,7,43,127,132,150,32,169,197,1,115,114,90,29,97,69,135,138,87,43,110,110,112,138,143,111,32,5,117,1
1631204,Marcus Sasser,Marcus,1610612765,DET,25.0,6,3,3,0.5,10.2,1.8,3.8,0.478,0.8,2.3,0.357,0.0,0.0,0.0,0.5,0.3,0.8,0.5,0.3,0.5,0.0,0.2,0.7,0.0,4.5,4.7,7.4,0,0,7.7,120,88,155,53,144,120,124,74,99,104,74,184,187,184,120,195,182,151,161,98,154,127,168,200,127,21,145,49,5,141,1
203935,Marcus Smart,Marcus,1610612747,LAL,32.0,10,4,6,0.4,34.5,3.9,9.9,0.394,1.7,5.0,0.34,3.4,4.3,0.791,1.0,2.5,3.5,5.1,3.5,2.4,1.0,0.5,3.1,4.5,12.9,-2.6,31.5,1,0,30.0,63,69,35,122,37,71,60,149,47,45,86,32,36,83,71,90,84,21,10,3,22,71,29,21,57,169,39,32,5,40,1
203486,Mason Plumlee,Mason,1610612759,SAS,36.0,6,4,2,0.667,3.1,0.3,0.5,0.667,0.0,0.0,0.0,0.0,0.0,0.0,0.0,0.7,0.7,0.3,0.2,0.0,0.5,0.2,0.7,0.2,0.7,-0.3,3.3,0,0,2.7,120,69,183,36,204,203,214,15,170,198,170,184,187,184,191,177,189,171,190,182,64,127,168,193,205,101,193,49,5,195,1
1629680,Matisse Thybulle,Matisse,1610612757,POR,29.0,4,1,3,0.25,13.3,0.5,3.5,0.143,0.3,2.8,0.091,0.5,0.5,1.0,0.3,1.8,2.0,1.0,0.0,0.8,0.8,0.0,0.8,0.3,1.8,-7.3,10.2,0,0,8.0,172,163,155,176,126,188,131,208,153,94,168,130,152,1,168,114,127,114,200,76,39,158,162,181,180,204,126,49,5,136,1
1642917,Max Shulga,Max,1610612738,BOS,23.0,2,1,1,0.5,2.3,0.5,1.0,0.5,0.5,1.0,0.5,0.0,0.0,0.0,0.0,0.0,0.0,0.0,0.0,0.0,0.0,0.0,0.5,0.0,1.5,2.5,1.5,0,0,2.0,208,163,206,53,217,188,194,50,124,146,16,184,187,184,191,210,216,200,200,182,154,158,176,200,187,39,210,49,5,201,1
1629622,Max Strus,Max,1610612739,CLE,30.0,18,8,10,0.444,26.7,3.1,7.7,0.406,2.1,5.9,0.358,1.2,1.3,0.917,1.6,3.3,4.8,2.1,1.3,0.8,0.2,0.3,3.3,1.4,9.6,-3.8,20.4,0,0,20.7,11,33,1,87,81,88,82,140,28,31,73,81,100,30,37,71,61,75,63,70,116,108,24,96,83,181,89,49,5,85,1
1628467,Maxi Kleber,Maxi,1610612747,LAL,34.0,3,0,3,0.0,4.8,0.0,0.3,0.0,0.0,0.0,0.0,0.3,0.7,0.5,0.7,0.0,0.7,1.0,0.7,0.3,0.0,0.0,0.7,0.7,0.3,0.0,3.0,0,0,2.7,196,196,155,196,189,211,220,211,170,198,170,151,139,152,105,210,189,114,111,133,154,158,168,136,215,89,197,49,5,195,1
1628969,Mikal Bridges,Mikal,1610612752,NYK,29.0,18,15,3,0.833,31.6,5.6,9.9,0.562,1.1,3.1,0.357,1.2,1.3,0.957,0.4,2.9,3.3,2.7,0.9,1.1,0.3,0.3,1.9,1.9,13.4,10.5,24.4,0,0,23.2,11,1,155,9,58,47,61,37,80,85,74,81,103,24,149,77,93,53,88,47,102,108,105,76,55,5,72,49,5,71,1
201144,Mike Conley,Mike,1610612750,MIN,38.0,12,6,6,0.5,14.0,1.6,3.2,0.5,1.1,2.2,0.5,0.2,0.2,1.0,0.1,1.2,1.3,2.7,0.4,0.7,0.0,0.0,1.3,0.7,4.4,-0.7,11.5,0,0,10.8,48,57,35,53,122,129,136,50,81,111,16,174,184,1,189,143,161,53,154,81,154,158,141,136,129,119,119,49,5,122,1
1630540,Miles McBride,Miles,1610612752,NYK,25.0,18,15,3,0.833,17.9,1.9,5.7,0.34,1.7,4.3,0.385,0.4,0.4,0.875,0.5,0.8,1.3,1.2,0.6,0.4,0.2,0.3,1.8,0.6,5.9,7.7,10.8,0,0,11.4,11,1,155,9,108,117,101,174,50,58,55,147,161,40,120,169,160,104,132,115,116,94,108,150,111,10,124,49,5,116,1
1629011,Mitchell Robinson,Mitchell,1610612752,NYK,28.0,17,14,3,0.824,13.6,2.0,2.9,0.68,0.0,0.0,0.0,1.0,3.3,0.304,2.4,2.8,5.2,0.3,0.5,0.4,0.6,0.1,1.5,2.3,5.0,1.5,14.4,0,0,12.6,23,7,155,15,124,111,142,13,170,198,170,91,44,183,17,80,53,177,151,123,56,156,128,61,117,51,105,49,5,110,1
1642885,Mohamed Diawara,Mohamed,1610612752,NYK,21.0,6,6,0,1.0,7.1,0.5,2.2,0.231,0.2,1.0,0.167,0.0,0.0,0.0,0.2,1.3,1.5,1.0,0.5,0.2,0.0,0.0,0.5,0.0,1.2,-2.0,4.5,0,0,4.2,120,57,226,1,164,188,160,205,162,146,160,184,187,184,181,132,149,114,138,163,154,158,176,200,199,156,180,49,5,184,1
1629021,Moritz Wagner,Moritz,1610612753,ORL,29.0,2,0,2,0.0,6.3,0.5,2.0,0.25,0.5,0.5,1.0,1.0,1.0,1.0,0.5,1.0,1.5,0.0,0.5,0.0,0.0,0.5,1.5,1.0,2.5,4.0,3.8,0,0,4.5,208,196,183,196,170,188,164,198,124,173,1,91,114,1,120,145,149,200,138,182,154,71,130,114,163,25,187,49,5,175,1
1631243,Mouhamed Gueye,Mouhamed,1610612737,ATL,23.0,6,2,4,0.333,8.4,0.7,2.3,0.286,0.2,1.7,0.1,0.2,0.3,0.5,0.8,0.8,1.7,0.7,0.2,0.2,0.0,0.0,1.5,0.7,1.7,-5.2,5.0,0,0,4.5,120,128,62,138,158,171,155,193,162,129,167,174,169,152,94,164,143,138,190,163,154,158,130,136,183,192,169,49,5,175,1
1641772,Nae'Qwan Tomlin,Nae'Qwan,1610612739,CLE,25.0,7,3,4,0.429,2.8,0.6,0.9,0.667,0.0,0.0,0.0,0.1,0.3,0.5,0.6,0.1,0.7,0.3,0.1,0.1,0.0,0.0,0.4,0.1,1.3,-0.7,2.9,0,0,2.6,89,88,62,95,210,183,207,15,170,198,170,177,175,152,115,209,187,178,195,168,154,158,186,196,195,124,198,49,5,200,1
1629675,Naz Reid,Naz,1610612750,MIN,26.0,12,6,6,0.5,26.9,4.9,10.2,0.484,1.8,4.6,0.4,0.9,1.4,0.647,1.2,6.2,7.3,2.1,1.3,0.4,0.3,0.7,3.2,1.8,12.6,-1.3,25.4,0,0,25.3,48,57,35,53,80,54,56,71,39,55,45,103,96,133,61,13,21,76,63,122,88,51,26,80,59,137,67,49,5,58,1
1629674,Neemias Queta,Neemias,1610612738,BOS,26.0,7,3,4,0.429,21.7,3.6,4.9,0.735,0.0,0.0,0.0,2.1,2.7,0.789,1.7,6.9,8.6,0.6,0.9,0.1,0.9,0.1,4.1,2.6,9.3,0.4,22.6,1,0,20.4,89,88,62,95,98,80,110,9,170,198,170,56,58,84,30,7,10,144,94,168,27,136,3,55,85,77,76,32,5,87,1
1641733,Nick Smith Jr.,Nick,1610612747,LAL,22.0,6,2,4,0.333,3.0,1.0,2.3,0.429,0.5,1.2,0.429,0.2,0.3,0.5,0.0,0.2,0.2,0.2,0.2,0.2,0.2,0.0,0.0,0.2,2.7,-0.5,4.0,0,0,4.2,120,128,62,138,206,150,155,118,124,141,36,174,169,152,191,208,215,192,190,163,127,158,206,193,160,111,185,49,5,184,1
1629638,Nickeil Alexander-Walker,Nickeil,1610612737,ATL,27.0,6,2,4,0.333,35.4,4.5,11.8,0.38,3.0,7.2,0.419,1.7,2.5,0.667,0.5,1.8,2.3,2.7,2.8,0.5,0.8,1.0,2.0,3.5,13.7,-13.5,21.6,0,0,24.3,120,128,62,138,32,60,44,156,8,13,40,66,62,125,120,110,118,53,21,98,30,21,91,39,52,227,82,49,5,64,1
203999,Nikola Jokić,Nikola,1610612743,DEN,31.0,6,2,4,0.333,39.5,9.0,20.2,0.446,1.2,6.0,0.194,6.7,7.2,0.93,1.5,11.7,13.2,9.5,3.8,1.0,0.8,0.8,3.5,6.3,25.8,-2.3,57.6,6,2,53.3,120,128,62,138,7,6,9,104,74,27,157,7,9,27,38,1,1,1,6,48,30,39,14,8,7,160,1,3,1,1,1
1642260,Nikola Topić,Nikola,1610612760,OKC,20.0,9,7,2,0.778,2.4,0.2,0.7,0.333,0.0,0.2,0.0,0.0,0.0,0.0,0.0,0.2,0.2,0.3,0.2,0.2,0.0,0.2,0.1,0.1,0.4,-1.0,1.7,0,0,1.4,74,45,183,19,214,208,211,175,170,188,170,184,187,184,191,205,213,171,182,153,154,118,205,198,214,129,206,49,5,210,1
202696,Nikola Vučević,Nikola,1610612738,BOS,35.0,6,3,3,0.5,19.0,2.3,6.2,0.378,1.2,4.0,0.292,0.3,0.7,0.5,0.8,3.5,4.3,2.3,1.3,0.2,0.5,0.3,2.5,1.2,6.2,1.5,15.5,0,0,15.3,120,88,155,53,105,104,96,158,74,62,118,151,139,152,94,60,64,63,63,163,64,94,65,106,108,52,99,49,5,100,1
1642869,Noah Penda,Noah,1610612753,ORL,21.0,1,0,1,0.0,3.0,0.0,0.0,0.0,0.0,0.0,0.0,0.0,0.0,0.0,0.0,1.0,1.0,0.0,0.0,0.0,0.0,0.0,0.0,0.0,0.0,3.0,1.2,0,0,1.0,225,196,206,196,207,211,222,211,170,198,170,184,187,184,191,145,169,200,200,182,154,158,206,200,218,31,213,49,5,216,1
1628384,OG Anunoby,OG,1610612752,NYK,28.0,16,13,3,0.813,34.6,6.8,11.7,0.578,2.7,5.3,0.506,4.5,5.2,0.867,0.9,5.3,6.2,1.8,0.6,1.4,1.1,0.9,2.5,3.6,20.7,10.1,37.9,2,0,36.4,29,10,155,18,36,25,47,34,12,41,15,21,25,47,87,21,34,83,131,21,20,32,65,37,22,7,20,20,5,23,1
1630168,Onyeka Okongwu,Onyeka,1610612737,ATL,25.0,6,2,4,0.333,33.1,4.7,8.0,0.583,1.7,3.7,0.455,1.5,2.0,0.75,1.3,5.3,6.7,2.3,1.2,1.2,0.8,0.3,3.5,2.0,12.5,-12.5,28.8,0,0,27.2,120,128,62,138,44,57,77,30,50,72,31,71,69,96,46,20,30,63,71,37,30,94,14,66,60,224,47,49,5,51,1
1642345,Oso Ighodaro,Oso,1610612756,PHX,23.0,4,0,4,0.0,32.2,3.3,6.0,0.542,0.0,0.0,0.0,1.0,1.5,0.667,3.0,4.0,7.0,4.0,1.8,0.5,0.8,1.5,3.8,1.8,7.5,-11.3,23.9,0,0,21.0,172,196,62,196,52,85,97,41,170,198,170,91,90,125,9,46,25,32,45,98,39,7,11,83,97,222,73,49,5,83,1
1642359,Pacôme Dadiet,Pacôme,1610612752,NYK,20.0,7,7,0,1.0,5.7,1.1,2.3,0.5,0.4,1.1,0.375,0.1,0.3,0.5,0.3,0.7,1.0,0.4,0.3,0.3,0.0,0.1,0.1,0.1,2.9,-0.4,5.3,0,0,5.3,89,45,226,1,174,145,158,50,136,143,61,177,175,152,164,175,169,166,168,142,154,136,203,196,149,107,164,49,5,162,1
1631094,Paolo Banchero,Paolo,1610612753,ORL,23.0,7,3,4,0.429,39.0,8.6,20.4,0.42,2.0,6.0,0.333,7.1,10.6,0.676,1.3,7.7,9.0,6.3,3.4,1.4,0.7,2.6,2.6,7.0,26.3,-2.4,49.5,2,0,47.9,89,88,62,95,8,10,7,128,30,27,88,3,1,123,51,6,8,8,13,22,45,1,60,6,4,162,3,20,5,3,1
202331,Paul George,Paul,1610612755,PHI,36.0,11,4,7,0.364,35.8,5.9,12.9,0.458,3.2,6.5,0.493,1.4,1.8,0.75,0.5,3.4,3.9,3.0,2.0,1.3,0.5,0.5,2.5,2.6,16.4,-6.1,28.7,0,0,29.9,54,69,21,132,27,38,39,96,4,23,23,76,77,96,118,67,77,45,37,32,71,68,69,54,38,198,50,49,5,41,1
1630194,Paul Reed,Paul,1610612765,DET,26.0,9,4,5,0.444,9.5,3.1,4.7,0.667,0.2,0.6,0.4,1.0,1.3,0.75,2.0,2.0,4.0,0.6,0.8,0.1,0.7,0.3,1.6,1.7,7.4,1.3,14.6,0,0,13.8,74,69,51,87,148,88,111,15,158,172,45,91,100,96,23,101,69,149,99,175,49,94,126,86,98,54,104,49,5,107,1
1630202,Payton Pritchard,Payton,1610612738,BOS,28.0,7,3,4,0.429,32.9,5.6,13.1,0.424,2.4,7.9,0.309,1.0,1.1,0.875,1.3,2.4,3.7,5.1,0.7,0.4,0.0,0.9,0.7,0.9,14.6,6.3,27.3,0,0,26.7,89,88,62,95,48,46,37,125,18,8,109,91,108,40,51,93,82,20,106,119,154,36,166,125,46,13,58,49,5,53,1
1629656,Quentin Grimes,Quentin,1610612755,PHI,26.0,11,4,7,0.364,22.1,2.1,5.3,0.397,1.3,3.2,0.4,1.3,1.5,0.875,0.2,2.5,2.7,2.3,0.5,0.3,0.5,0.3,1.9,1.0,6.7,-6.3,15.0,0,0,14.5,54,69,21,132,97,109,105,148,68,82,45,78,95,40,179,87,110,70,135,146,71,110,106,114,105,200,102,49,5,103,1
1629628,RJ Barrett,RJ,1610612761,TOR,25.0,7,3,4,0.429,38.7,9.0,18.9,0.477,2.4,6.3,0.386,3.7,5.9,0.634,2.0,5.0,7.0,4.0,3.6,1.3,0.3,1.3,3.4,4.1,24.1,0.6,39.7,1,0,40.7,89,88,62,95,10,6,12,76,18,25,54,29,20,135,23,25,25,32,8,30,96,15,18,26,9,73,15,32,5,12,1
1642853,Rasheer Fleming,Rasheer,1610612756,PHX,21.0,4,0,4,0.0,4.6,0.8,1.3,0.6,0.8,1.3,0.6,0.0,0.0,0.0,0.3,0.0,0.3,0.0,0.3,0.5,0.3,0.0,0.5,0.0,2.3,0.8,4.6,0,0,4.8,172,196,62,196,194,165,188,27,105,139,12,184,187,184,168,210,209,200,175,98,104,158,176,200,166,67,178,49,5,169,1
1642263,Reed Sheppard,Reed,1610612745,HOU,21.0,6,2,4,0.333,32.1,4.5,14.7,0.307,2.7,9.0,0.296,0.5,0.7,0.75,0.2,0.8,1.0,4.7,2.0,2.2,0.8,0.7,2.3,0.5,12.2,-1.3,27.4,0,0,26.5,120,128,62,138,53,60,28,186,13,1,116,130,139,96,181,164,169,26,37,4,30,51,75,154,61,140,56,49,5,54,1
1629057,Robert Williams III,Robert,1610612757,POR,28.0,5,1,4,0.2,21.7,4.4,7.0,0.629,0.6,1.8,0.333,0.2,0.6,0.333,3.2,4.2,7.4,2.6,0.4,0.6,1.2,0.6,1.0,0.6,9.6,0.8,27.4,0,0,23.8,155,163,62,179,99,62,88,26,116,125,88,171,146,178,7,43,20,57,156,89,13,60,148,144,82,64,55,49,5,68,1
1631199,Ron Harper Jr.,Ron,1610612738,BOS,26.0,6,2,4,0.333,4.2,0.7,1.5,0.444,0.5,1.0,0.5,0.0,0.0,0.0,0.2,0.5,0.7,0.2,0.0,0.5,0.0,0.0,0.2,0.0,1.8,1.3,4.4,0,0,4.2,120,128,62,138,196,171,182,106,124,146,16,184,187,184,181,185,189,192,200,98,154,158,202,200,179,54,183,49,5,184,1
1641842,Ronald Holland II,Ronald,1610612765,DET,20.0,9,5,4,0.556,6.4,0.4,1.4,0.308,0.2,0.9,0.25,0.3,0.6,0.6,0.1,1.4,1.6,0.1,0.3,0.4,0.2,0.2,1.0,0.4,1.4,1.7,5.1,0,0,4.7,74,66,62,50,169,198,183,184,158,157,136,151,149,143,187,130,148,197,161,115,116,118,148,164,192,46,166,49,5,171,1
1626220,Royce O'Neale,Royce,1610612756,PHX,33.0,4,0,4,0.0,24.4,2.3,3.5,0.643,2.0,3.3,0.615,1.3,1.5,0.833,1.0,5.3,6.3,2.3,1.0,0.5,0.3,0.0,3.0,0.8,7.8,-11.0,19.9,0,0,19.8,172,196,62,196,85,105,131,21,30,81,11,79,90,58,71,21,33,71,75,98,104,158,32,131,95,221,92,49,5,89,1
203497,Rudy Gobert,Rudy,1610612750,MIN,33.0,12,6,6,0.5,31.0,2.8,5.8,0.493,0.0,0.2,0.0,1.5,3.2,0.474,3.5,5.8,9.3,2.3,1.3,1.2,1.1,1.0,2.8,3.5,7.2,-5.5,27.4,4,0,23.3,48,57,35,53,61,97,100,67,170,189,170,71,46,172,2,18,7,63,68,37,21,21,48,39,101,195,56,6,5,70,1
1629060,Rui Hachimura,Rui,1610612747,LAL,28.0,10,4,6,0.4,38.6,6.7,12.2,0.549,3.3,5.8,0.569,0.8,1.1,0.727,0.6,3.4,4.0,1.7,0.9,0.9,0.6,0.5,2.8,1.1,17.5,-5.2,28.5,0,0,29.5,63,69,35,122,12,26,42,39,3,34,14,110,113,110,109,66,69,85,92,63,57,71,44,111,32,193,52,49,5,42,1
1642346,Ryan Dunn,Ryan,1610612756,PHX,23.0,4,0,4,0.0,8.4,0.0,1.0,0.0,0.0,1.0,0.0,0.0,0.0,0.0,0.0,1.5,1.5,0.5,0.8,0.0,0.0,0.0,0.5,0.3,0.0,-2.3,1.8,0,0,2.0,172,196,62,196,157,211,194,211,170,146,170,184,187,184,191,125,149,151,100,182,154,158,176,181,218,159,204,49,5,201,1
1630573,Sam Hauser,Sam,1610612738,BOS,28.0,7,3,4,0.429,23.5,2.7,6.6,0.413,2.3,5.4,0.421,0.0,0.0,0.0,1.3,3.0,4.3,0.9,0.3,0.1,0.1,0.4,1.4,0.4,7.7,-2.4,14.7,0,0,15.7,89,88,62,95,89,100,93,133,24,39,39,184,187,184,51,75,65,127,168,168,131,83,136,167,96,162,103,49,5,99,1
1630241,Sam Merrill,Sam,1610612739,CLE,30.0,17,8,9,0.471,19.9,2.4,5.6,0.427,1.7,4.6,0.372,1.2,1.5,0.84,0.5,0.8,1.2,1.1,0.5,0.5,0.0,0.1,2.4,1.6,7.8,0.3,11.8,0,0,12.8,23,33,7,83,102,103,103,121,46,54,66,80,94,57,138,171,163,110,137,112,154,144,74,91,94,83,118,49,5,109,1
1630572,Sandro Mamukelashvili,Sandro,1610612761,TOR,27.0,7,3,4,0.429,14.8,2.0,5.0,0.4,0.6,2.0,0.286,0.4,1.0,0.429,1.6,3.4,5.0,1.0,0.6,0.7,0.4,0.6,1.7,1.0,5.0,0.4,15.4,1,0,13.9,89,88,62,95,119,111,106,143,118,115,121,141,114,175,34,63,58,114,128,78,77,66,114,114,117,77,101,32,5,106,1
1630703,Scoot Henderson,Scoot,1610612757,POR,22.0,5,1,4,0.2,29.0,5.6,11.8,0.475,2.6,5.6,0.464,1.2,1.6,0.75,0.4,1.2,1.6,1.2,1.8,0.8,0.2,0.6,3.4,2.0,15.0,-5.2,19.9,0,0,22.4,155,163,62,179,73,44,46,79,14,36,29,83,85,96,143,140,145,105,44,74,121,60,21,66,44,193,90,49,5,76,1
1630567,Scottie Barnes,Scottie,1610612761,TOR,24.0,7,3,4,0.429,39.0,8.4,16.6,0.509,1.1,3.0,0.381,6.1,7.7,0.796,1.6,4.6,6.1,8.6,3.4,1.1,1.7,0.4,3.0,5.3,24.1,-0.4,49.5,3,0,45.7,89,88,62,95,9,11,17,48,77,87,58,10,7,80,34,35,36,2,13,44,5,83,32,17,9,107,3,9,5,6,1
1631101,Shaedon Sharpe,Shaedon,1610612757,POR,23.0,5,1,4,0.2,13.4,2.8,6.8,0.412,0.6,2.2,0.273,1.0,1.6,0.625,0.6,1.0,1.6,0.6,0.0,0.4,0.4,0.4,1.0,1.6,7.2,0.4,12.4,0,0,11.6,155,163,62,179,125,98,92,134,116,110,125,91,85,136,109,145,145,142,200,124,79,88,148,89,100,80,114,49,5,115,1
1628983,Shai Gilgeous-Alexander,Shai,1610612760,OKC,27.0,15,11,4,0.733,36.3,8.8,19.0,0.463,1.2,3.9,0.305,8.8,9.9,0.892,0.4,2.5,2.9,7.9,3.1,1.3,0.9,0.7,2.3,7.3,27.6,2.6,46.4,2,0,43.9,30,21,62,26,23,8,11,86,71,69,113,1,2,37,143,89,105,3,18,33,26,51,81,2,2,36,6,20,5,7,1
1631321,Sidy Cissoko,Sidy,1610612757,POR,22.0,4,0,4,0.0,6.5,1.0,2.5,0.4,0.5,1.3,0.4,0.3,0.3,1.0,0.5,0.8,1.3,0.3,0.3,1.0,0.0,0.0,1.0,0.8,2.8,1.5,7.4,0,0,6.8,172,196,62,196,166,150,151,143,124,139,45,166,180,1,120,173,161,182,175,48,154,158,148,131,156,52,146,49,5,149,1
1642461,Spencer Jones,Spencer,1610612743,DEN,24.0,6,2,4,0.333,24.2,2.2,3.2,0.684,1.5,2.2,0.692,0.7,0.8,0.8,0.5,1.5,2.0,0.3,0.7,0.7,1.2,0.0,3.3,0.5,6.5,-2.8,14.2,0,0,14.0,120,128,62,138,86,108,136,12,56,111,7,122,130,74,120,125,127,171,111,81,14,158,22,154,106,171,107,49,5,105,1
1642264,Stephon Castle,Stephon,1610612759,SAS,21.0,22,13,9,0.591,33.1,6.1,13.0,0.472,1.6,4.4,0.361,4.9,5.9,0.823,1.5,3.6,5.0,6.2,3.5,0.9,0.4,0.9,3.9,5.5,18.7,3.5,34.4,3,0,34.1,1,10,7,43,45,35,38,81,54,57,71,15,19,69,42,59,57,9,10,62,84,35,8,15,29,28,30,9,5,30,1
1631106,Tari Eason,Tari,1610612745,HOU,25.0,6,2,4,0.333,32.5,5.2,10.8,0.477,1.7,5.0,0.333,1.8,2.2,0.846,2.0,4.7,6.7,1.7,0.8,2.5,0.7,0.5,3.7,2.0,13.8,1.7,33.0,1,0,30.2,120,128,62,138,50,51,52,77,50,45,88,63,68,54,23,32,30,86,96,2,49,71,13,66,51,46,33,32,5,38,1
1630545,Terrence Shannon Jr.,Terrence,1610612750,MIN,25.0,9,4,5,0.444,22.6,4.2,10.4,0.404,0.9,3.6,0.25,2.4,2.7,0.917,0.6,2.0,2.6,1.3,0.9,0.4,0.0,1.6,2.4,3.6,11.8,-1.9,17.3,0,0,17.4,74,69,51,87,94,64,54,141,97,74,136,48,61,30,116,101,115,99,93,115,154,6,71,38,64,155,97,49,5,97,1
1628418,Thomas Bryant,Thomas,1610612739,CLE,28.0,9,3,6,0.333,4.6,0.7,2.3,0.286,0.2,1.3,0.167,0.3,0.3,1.0,0.3,0.9,1.2,0.2,0.2,0.2,0.1,0.1,0.4,0.4,1.9,-1.8,4.5,0,0,4.2,74,88,35,138,193,171,155,193,158,133,160,151,169,1,153,163,164,189,182,153,140,146,184,164,175,153,180,49,5,182,1
203501,Tim Hardaway Jr.,Tim,1610612743,DEN,34.0,6,2,4,0.333,23.3,3.2,7.5,0.422,1.3,3.8,0.348,3.2,4.0,0.792,1.0,2.3,3.3,0.8,0.7,0.7,0.3,0.5,1.7,2.3,10.8,-0.8,18.4,0,0,18.3,120,128,62,138,91,86,86,127,65,70,83,36,38,81,71,95,90,129,111,81,88,71,117,59,74,128,95,49,5,92,1
202699,Tobias Harris,Tobias,1610612765,DET,33.0,14,7,7,0.5,34.6,6.5,15.3,0.425,1.4,4.6,0.292,3.7,4.5,0.825,1.1,6.1,7.2,1.6,1.1,1.5,0.8,0.8,2.6,2.9,18.1,0.7,35.0,2,0,32.9,38,45,21,53,34,28,26,123,64,53,117,29,31,66,64,15,23,90,74,20,38,44,60,47,31,70,28,20,5,32,1
1642449,Tolu Smith,Tolu,1610612765,DET,25.0,3,2,1,0.667,2.3,0.7,0.7,1.0,0.0,0.0,0.0,0.0,0.0,0.0,0.0,0.7,0.7,0.0,0.3,0.3,0.0,0.0,0.0,0.0,1.3,1.3,2.8,0,0,2.7,196,128,206,36,216,171,211,1,170,198,170,184,187,184,191,177,189,200,161,133,154,158,206,200,193,54,199,49,5,195,1
1628396,Tony Bradley,Tony,1610612737,ATL,28.0,4,1,3,0.25,10.2,0.8,1.0,0.75,0.3,0.3,1.0,1.0,1.5,0.667,0.3,2.5,2.8,0.8,0.3,0.5,0.8,0.3,1.8,1.3,2.8,-0.8,10.7,0,0,9.0,172,163,155,176,145,165,194,8,153,186,1,91,90,125,168,90,109,133,175,98,39,112,112,103,156,126,125,49,5,131,1
1641739,Toumani Camara,Toumani,1610612757,POR,26.0,5,1,4,0.2,33.0,2.2,7.6,0.289,1.4,5.4,0.259,1.2,1.2,1.0,1.6,3.8,5.4,1.2,1.4,1.4,0.6,0.6,2.6,3.2,7.0,-8.8,19.9,0,0,19.0,155,163,62,179,47,107,85,192,61,40,132,83,105,1,32,54,49,105,59,24,57,60,59,44,102,212,91,49,5,91,1
1631218,Trayce Jackson-Davis,Trayce,1610612761,TOR,26.0,3,1,2,0.333,1.3,0.0,0.3,0.0,0.0,0.0,0.0,0.7,0.7,1.0,0.3,0.0,0.3,0.0,0.3,0.0,0.0,0.0,0.7,0.3,0.7,-0.3,0.7,0,0,1.0,196,163,183,138,225,211,220,211,170,198,170,122,139,1,153,210,205,200,161,182,154,158,168,173,205,101,222,49,5,216,1
1630570,Trendon Watford,Trendon,1610612755,PHI,25.0,7,2,5,0.286,5.7,1.0,1.6,0.636,0.0,0.1,0.0,0.9,1.1,0.75,0.0,0.4,0.4,0.4,0.3,0.4,0.0,0.0,0.3,0.6,2.9,-0.7,5.0,0,0,4.6,89,128,51,174,175,150,181,22,170,190,170,105,108,96,191,191,200,166,168,119,154,158,196,147,149,124,168,49,5,173,1
1641783,Tristan da Silva,Tristan,1610612753,ORL,25.0,7,3,4,0.429,15.3,1.6,4.1,0.379,0.7,2.3,0.313,0.3,0.6,0.5,1.0,1.9,2.9,0.1,0.7,0.1,0.0,0.1,1.1,0.4,4.1,-1.7,7.5,0,0,8.1,89,88,62,95,118,130,120,157,107,107,107,162,148,152,71,107,106,196,106,168,154,136,144,167,134,152,143,49,5,135,1
1642278,Tyler Kolek,Tyler,1610612752,NYK,25.0,8,8,0,1.0,6.7,1.4,3.1,0.44,0.5,1.1,0.444,0.3,0.3,1.0,0.1,0.6,0.8,1.5,0.4,0.0,0.1,0.1,0.4,0.3,3.5,-0.8,6.7,0,0,6.5,85,33,226,1,165,139,140,110,124,145,33,166,180,1,185,180,185,92,160,182,138,143,190,181,140,126,150,49,5,152,1
1630178,Tyrese Maxey,Tyrese,1610612755,PHI,25.0,11,4,7,0.364,39.7,8.7,19.2,0.455,2.4,6.7,0.351,3.9,4.4,0.896,0.4,3.6,4.0,5.9,2.1,0.8,0.4,1.0,2.0,3.6,23.7,-7.8,38.8,2,0,38.4,54,69,21,132,5,9,10,97,23,18,80,27,33,36,152,58,69,12,36,73,84,21,91,34,13,209,17,20,5,18,1
1642878,Tyrese Proctor,Tyrese,1610612739,CLE,22.0,4,1,3,0.25,3.2,0.0,0.5,0.0,0.0,0.5,0.0,0.5,0.5,1.0,0.0,0.3,0.3,0.5,0.5,0.0,0.0,0.0,0.3,0.5,0.5,-1.5,1.1,0,0,1.3,172,163,155,176,203,211,214,211,170,173,170,130,152,1,191,202,209,151,138,182,154,158,198,154,211,144,219,49,5,214,1
1626145,Tyus Jones,Tyus,1610612743,DEN,30.0,3,1,2,0.333,10.1,1.3,2.7,0.5,0.0,0.3,0.0,0.3,0.7,0.5,0.0,0.0,0.0,1.7,0.0,0.7,0.0,0.0,1.0,1.7,3.0,-0.7,7.5,0,0,6.0,196,163,183,138,146,140,148,50,170,182,170,151,139,152,191,210,216,86,200,81,154,158,148,86,146,119,143,49,5,155,1
1642845,VJ Edgecombe,VJ,1610612755,PHI,20.0,11,4,7,0.364,37.0,5.5,13.2,0.414,1.9,6.5,0.292,1.2,1.6,0.722,2.1,4.0,6.1,3.4,1.6,1.0,0.4,0.5,2.6,1.7,14.0,-3.5,28.8,2,0,28.1,54,69,21,132,19,50,36,131,37,20,118,86,84,112,21,46,37,40,48,48,84,68,58,85,50,179,48,20,5,46,1
1641705,Victor Wembanyama,Victor,1610612759,SAS,22.0,21,12,9,0.571,33.9,8.0,16.4,0.491,1.8,5.1,0.352,6.1,7.2,0.849,2.3,8.4,10.7,2.7,2.7,1.0,3.5,0.4,2.5,7.2,24.0,9.5,51.7,11,1,48.2,7,18,7,49,38,14,20,68,42,44,79,10,8,53,18,3,2,51,24,48,1,92,68,3,11,8,2,2,3,2,1
1630249,Vít Krejčí,Vít,1610612757,POR,25.0,4,0,4,0.0,4.1,0.3,1.0,0.25,0.0,0.8,0.0,0.0,0.0,0.0,0.0,0.3,0.3,0.5,0.0,0.0,0.0,0.0,0.8,0.0,0.5,-0.3,1.6,0,0,1.3,172,196,62,196,197,207,194,198,170,164,170,184,187,184,191,202,209,151,200,182,154,158,162,200,211,99,207,49,5,214,1
1628976,Wendell Carter Jr.,Wendell,1610612753,ORL,27.0,7,3,4,0.429,33.8,3.6,6.9,0.521,0.7,2.6,0.278,3.1,4.4,0.71,2.9,4.1,7.0,2.9,1.4,0.6,1.7,1.0,4.0,3.6,11.0,-2.1,29.1,2,0,26.1,89,88,62,95,40,80,90,44,107,98,124,38,32,115,11,44,25,47,56,93,5,21,4,36,72,158,45,20,5,56,1
1642905,Yang Hansen,ang Hansen,1610612757,POR,20.0,4,0,4,0.0,1.1,0.0,0.5,0.0,0.0,0.5,0.0,0.0,0.0,0.0,0.0,0.3,0.3,0.0,0.0,0.0,0.0,0.0,0.0,0.0,0.0,-0.5,0.3,0,0,0.3,172,196,62,196,228,211,214,211,170,173,170,184,187,184,191,202,209,200,200,182,154,158,206,200,218,111,225,49,5,225,1
1642258,Zaccharie Risacher,Zaccharie,1610612737,ATL,21.0,3,0,3,0.0,7.6,1.7,4.7,0.357,0.3,1.7,0.2,0.0,0.0,0.0,1.3,1.7,3.0,0.0,0.0,0.0,0.0,0.3,0.7,0.0,3.7,-0.7,7.3,0,0,7.0,196,196,155,196,161,127,111,168,143,129,155,184,187,184,46,121,102,200,200,182,154,94,168,200,139,119,147,49,5,146,1
1630192,Zeke Nnaji,Zeke,1610612743,DEN,25.0,2,0,2,0.0,9.5,1.0,1.0,1.0,0.5,0.5,1.0,2.5,3.0,0.833,0.5,1.0,1.5,0.5,0.0,0.5,0.0,0.0,1.5,2.0,5.0,-1.5,9.1,0,0,8.5,208,196,183,196,149,150,194,1,124,173,1,44,51,58,120,145,149,151,200,98,154,158,130,66,117,144,134,49,5,133,1
